"ensembl_gene_id","chromosome_name","start_position","end_position","hsapiens_homolog_ensembl_gene","hsapiens_homolog_chromosome","hsapiens_homolog_chrom_start","hsapiens_homolog_chrom_end","hsapiens_homolog_associated_gene_name","hsapiens_homolog_orthology_type","hsapiens_homolog_perc_id_r1","gene_biotype","gaculeatus_paralog_ensembl_gene","gaculeatus_paralog_chromosome","gaculeatus_paralog_chrom_start","gaculeatus_paralog_chrom_end","gaculeatus_paralog_perc_id_r1"
"ENSGACG00000000452","XIX",613358,634045,"ENSG00000075399","16",89707134,89720898,"VPS9D1","ortholog_one2many",54.1997,"protein_coding","ENSGACG00000029996","Y",223401,236099,97.5207
"ENSGACG00000000459","XIX",602157,611508,"ENSG00000158792","16",89696357,89701705,"SPATA2L","ortholog_one2one",15.0943,"protein_coding",NA,NA,NA,NA,NA
"ENSGACG00000000464","XIX",579102,591270,"ENSG00000198650","16",71565660,71577092,"TAT","ortholog_one2one",65.6388,"protein_coding",NA,NA,NA,NA,NA
"ENSGACG00000000482","XIX",549985,555239,"ENSG00000140950","16",84476355,84554033,"MEAK7","ortholog_one2one",39.693,"protein_coding",NA,NA,NA,NA,NA
"ENSGACG00000000483","XIX",533950,548948,"ENSG00000197943","16",81738248,81962685,"PLCG2","ortholog_one2one",57.1542,"protein_coding",NA,NA,NA,NA,NA
"ENSGACG00000002019","XIX",6971,16089,"ENSG00000183655","15",85759326,85794925,"KLHL25","ortholog_one2one",84.7199,"protein_coding",NA,NA,NA,NA,NA
"ENSGACG00000002032","XIX",104625,175615,"ENSG00000273540","15",86079871,87049169,"AGBL1","ortholog_one2one",46.8332,"protein_coding",NA,NA,NA,NA,NA
"ENSGACG00000002104","XIX",686432,700959,"ENSG00000158805","16",89720400,89740925,"ZNF276","ortholog_one2one",42.5081,"protein_coding",NA,NA,NA,NA,NA
"ENSGACG00000002114","XIX",728809,734502,"ENSG00000185324","16",89680737,89696354,"CDK10","ortholog_one2one",80.5556,"protein_coding",NA,NA,NA,NA,NA
"ENSGACG00000002120","XIX",728881,740611,"ENSG00000132612","16",69311336,69326939,"VPS4A","ortholog_one2one",84.2105,"protein_coding",NA,NA,NA,NA,NA
"ENSGACG00000002134","XIX",740511,756377,"ENSG00000168807","16",69187147,69309052,"SNTB2","ortholog_one2one",64.2593,"protein_coding",NA,NA,NA,NA,NA
"ENSGACG00000002151","XIX",798621,800960,"ENSG00000205084","16",75536741,75556289,"TMEM231","ortholog_one2one",51.2658,"protein_coding",NA,NA,NA,NA,NA
"ENSGACG00000002194","XIX",841454,844027,"ENSG00000102978","16",57462660,57472009,"POLR2C","ortholog_one2one",89.4545,"protein_coding",NA,NA,NA,NA,NA
"ENSGACG00000002219","XIX",844004,849089,"ENSG00000088682","16",57447425,57461270,"COQ9","ortholog_one2one",55.6604,"protein_coding",NA,NA,NA,NA,NA
"ENSGACG00000002221","XIX",847651,851672,"ENSG00000005194","16",57428187,57447420,"CIAPIN1","ortholog_one2one",54.8077,"protein_coding",NA,NA,NA,NA,NA
"ENSGACG00000002229","XIX",850036,857017,"ENSG00000132600","16",68310951,68360852,"PRMT7","ortholog_one2one",57.2254,"protein_coding",NA,NA,NA,NA,NA
"ENSGACG00000002250","XIX",857359,863457,"ENSG00000179044","16",67184379,67190185,"EXOC3L1","ortholog_one2one",37.8016,"protein_coding",NA,NA,NA,NA,NA
"ENSGACG00000002282","XIX",916220,934000,"ENSG00000103056","16",68358327,68448508,"SMPD3","ortholog_one2one",54.9618,"protein_coding",NA,NA,NA,NA,NA
"ENSGACG00000002294","XIX",970995,978298,"ENSG00000103034","16",58462846,58513628,"NDRG4","ortholog_one2one",71.0227,"protein_coding",NA,NA,NA,NA,NA
"ENSGACG00000002305","XIX",1054460,1065208,"ENSG00000166816","16",75111860,75116780,"LDHD","ortholog_one2one",65.9091,"protein_coding",NA,NA,NA,NA,NA
"ENSGACG00000002360","XIX",1064211,1068362,"ENSG00000242498","15",89895006,89912952,"ARPIN","ortholog_one2one",58.4071,"protein_coding",NA,NA,NA,NA,NA
"ENSGACG00000002368","XIX",1090182,1102336,"ENSG00000110721","11",68052859,68121444,"CHKA","ortholog_one2one",59.9562,"protein_coding",NA,NA,NA,NA,NA
"ENSGACG00000002398","XIX",1159242,1174357,"ENSG00000121671","11",45847118,45883248,"CRY2","ortholog_one2one",67.285,"protein_coding",NA,NA,NA,NA,NA
"ENSGACG00000002410","XIX",1175620,1184689,"ENSG00000087237","16",56961923,56983845,"CETP","ortholog_one2one",39.7566,"protein_coding",NA,NA,NA,NA,NA
"ENSGACG00000002419","XIX",1198107,1208870,"ENSG00000070915","16",56865207,56915850,"SLC12A3","ortholog_one2one",59.3536,"protein_coding",NA,NA,NA,NA,NA
"ENSGACG00000002434","XIX",1323240,1325098,"ENSG00000145337","4",88520998,88523776,"PYURF","ortholog_one2one",45.614,"protein_coding",NA,NA,NA,NA,NA
"ENSGACG00000002445","XIX",1352864,1364198,"ENSG00000133794","11",13276652,13387266,"BMAL1","ortholog_one2one",85.3035,"protein_coding",NA,NA,NA,NA,NA
"ENSGACG00000002456","XIX",1415826,1419749,"ENSG00000178202","11",108472112,108498405,"POGLUT3","ortholog_one2one",59.1716,"protein_coding",NA,NA,NA,NA,NA
"ENSGACG00000002457","XIX",1419691,1425572,"ENSG00000166394","11",7665100,7677222,"CYB5R2","ortholog_one2one",60.5072,"protein_coding",NA,NA,NA,NA,NA
"ENSGACG00000002476","XIX",1435488,1450388,"ENSG00000197601","11",13668659,13732346,"FAR1","ortholog_one2one",73.9806,"protein_coding",NA,NA,NA,NA,NA
"ENSGACG00000002504","XIX",1587102,1598343,"ENSG00000102974","16",67562467,67639177,"CTCF","ortholog_one2one",72.4897,"protein_coding",NA,NA,NA,NA,NA
"ENSGACG00000002515","XIX",1635842,1646704,"ENSG00000177963","11",207708,215113,"RIC8A","ortholog_one2one",53.484,"protein_coding",NA,NA,NA,NA,NA
"ENSGACG00000002520","XIX",1652025,1664087,"ENSG00000110075","11",68460731,68615334,"PPP6R3","ortholog_one2one",61.1684,"protein_coding",NA,NA,NA,NA,NA
"ENSGACG00000002527","XIX",1671546,1694917,"ENSG00000153815","16",81444808,81711762,"CMIP","ortholog_one2one",82.7943,"protein_coding",NA,NA,NA,NA,NA
"ENSGACG00000002529","XIX",1703796,1713744,"ENSG00000261609","16",81314944,81390884,"GAN","ortholog_one2one",57.7889,"protein_coding",NA,NA,NA,NA,NA
"ENSGACG00000002538","XIX",1735506,1754397,"ENSG00000135709","16",85027782,85094230,"KIAA0513","ortholog_one2one",63.747,"protein_coding",NA,NA,NA,NA,NA
"ENSGACG00000002601","XIX",1912428,1916151,"ENSG00000103037","16",58515479,58523842,"SETD6","ortholog_one2one",46.0888,"protein_coding",NA,NA,NA,NA,NA
"ENSGACG00000002606","XIX",1917096,1939189,"ENSG00000125107","16",58519951,58629885,"CNOT1","ortholog_one2one",91.3721,"protein_coding",NA,NA,NA,NA,NA
"ENSGACG00000002626","XIX",1942317,2044964,"ENSG00000102935","16",49487524,49857919,"ZNF423","ortholog_one2one",78.9474,"protein_coding",NA,NA,NA,NA,NA
"ENSGACG00000002633","XIX",2239435,2251583,"ENSG00000102921","16",48538726,48620148,"N4BP1","ortholog_one2one",36.942,"protein_coding",NA,NA,NA,NA,NA
"ENSGACG00000002638","XIX",2256638,2268857,"ENSG00000196470","16",48356364,48448402,"SIAH1","ortholog_one2one",97.5177,"protein_coding",NA,NA,NA,NA,NA
"ENSGACG00000002644","XIX",2273088,2288587,"ENSG00000102910","16",48244300,48363122,"LONP2","ortholog_one2one",74.1784,"protein_coding",NA,NA,NA,NA,NA
"ENSGACG00000002646","XIX",2330577,2349914,"ENSG00000189091","16",70523791,70577670,"SF3B3","ortholog_one2one",92.5226,"protein_coding",NA,NA,NA,NA,NA
"ENSGACG00000002651","XIX",2366785,2373779,"ENSG00000157350","16",70375977,70439237,"ST3GAL2","ortholog_one2one",68.5714,"protein_coding",NA,NA,NA,NA,NA
"ENSGACG00000002667","XIX",2377059,2386340,"ENSG00000090861","16",70251983,70289707,"AARS1","ortholog_one2one",79.0289,"protein_coding",NA,NA,NA,NA,NA
"ENSGACG00000002690","XIX",2386098,2388419,"ENSG00000223496","16",70246778,70251940,"EXOSC6","ortholog_one2one",45.5882,"protein_coding",NA,NA,NA,NA,NA
"ENSGACG00000002867","XIX",2556505,2563692,"ENSG00000172775","16",57152466,57186116,"PSME3IP1","ortholog_one2many",55.5118,"protein_coding","ENSGACG00000023786","Y",405172,411936,99.635
"ENSGACG00000002874","XIX",2567001,2600185,"ENSG00000140848","16",57092583,57148369,"CPNE2","ortholog_one2many",76.2774,"protein_coding","ENSGACG00000030678","Y",415189,447733,99.8172
"ENSGACG00000002886","XIX",2602009,2631293,"ENSG00000140853","16",56989485,57083531,"NLRC5","ortholog_one2one",26.6881,"protein_coding",NA,NA,NA,NA,NA
"ENSGACG00000003089","XIX",2819418,2895157,"ENSG00000103154","16",83968244,84002776,"NECAB2","ortholog_one2many",59.3264,"protein_coding","ENSGACG00000037406","Y",8681194,8788755,95.7747
"ENSGACG00000003117","XIX",2916794,2927330,"ENSG00000140943","16",84053761,84116942,"MBTPS1","ortholog_one2many",82.6046,"protein_coding","ENSGACG00000033710","Y",8634092,8647012,94.419
"ENSGACG00000003130","XIX",3009300,3031730,"ENSG00000038358","16",67873052,67884499,"EDC4","ortholog_one2many",59.6717,"protein_coding","ENSGACG00000033209","Y",8539420,8561937,97.3343
"ENSGACG00000003152","XIX",3120359,3127332,"ENSG00000140543","15",88494440,88546681,"DET1","ortholog_one2one",87.0909,"protein_coding",NA,NA,NA,NA,NA
"ENSGACG00000003198","XIX",3202854,3213220,"ENSG00000104731","16",87696485,87765992,"KLHDC4","ortholog_one2one",65.3846,"protein_coding",NA,NA,NA,NA,NA
"ENSGACG00000003242","XIX",3263166,3269759,"ENSG00000213398","16",67939750,67944131,"LCAT","ortholog_one2many",55.9091,"protein_coding","ENSGACG00000030170","Y",8091082,8097504,98.1567
"ENSGACG00000003257","XIX",3281216,3290678,"ENSG00000103005","16",57999546,58021618,"USB1","ortholog_one2one",43.7736,"protein_coding",NA,NA,NA,NA,NA
"ENSGACG00000003267","XIX",3305278,3325201,"ENSG00000103089","16",74712955,74774831,"FA2H","ortholog_one2many",56.9892,"protein_coding","ENSGACG00000023055","Y",8025596,8044499,98.6945
"ENSGACG00000003338","XIX",3466478,3540847,"ENSG00000110427","11",33376108,33674102,"KIAA1549L","ortholog_one2many",26.1417,"protein_coding","ENSGACG00000036462","Y",7731785,7818858,96.7363
"ENSGACG00000003368","XIX",3760094,3765898,"ENSG00000183801","11",7485388,7511377,"OLFML1","ortholog_one2one",41.791,"protein_coding",NA,NA,NA,NA,NA
"ENSGACG00000003466","XIX",20119430,20128991,"ENSG00000140382","15",77420412,77485607,"HMG20A","ortholog_one2one",61.6715,"protein_coding",NA,NA,NA,NA,NA
"ENSGACG00000003487","XIX",20045011,20059906,"ENSG00000173227","11",67006778,67050863,"SYT12","ortholog_one2one",64.8456,"protein_coding",NA,NA,NA,NA,NA
"ENSGACG00000003491","XIX",20036848,20043742,"ENSG00000121691","11",34438934,34472060,"CAT","ortholog_one2one",73.2448,"protein_coding",NA,NA,NA,NA,NA
"ENSGACG00000003546","XIX",19932661,19946514,"ENSG00000174915","11",448268,491399,"PTDSS2","ortholog_one2one",74.9487,"protein_coding",NA,NA,NA,NA,NA
"ENSGACG00000003609","XIX",19790424,19812263,"ENSG00000061987","12",62466817,62600476,"MON2","ortholog_one2one",83.2848,"protein_coding",NA,NA,NA,NA,NA
"ENSGACG00000003720","XIX",19579157,19582819,"ENSG00000139131","12",32727490,32755897,"YARS2","ortholog_one2one",57.0231,"protein_coding",NA,NA,NA,NA,NA
"ENSGACG00000003757","XIX",19450886,19457732,"ENSG00000061794","12",27710822,27756295,"MRPS35","ortholog_one2one",60.9907,"protein_coding",NA,NA,NA,NA,NA
"ENSGACG00000003761","XIX",19422261,19448094,"ENSG00000197905","12",2959330,3040676,"TEAD4","ortholog_one2one",76.4977,"protein_coding",NA,NA,NA,NA,NA
"ENSGACG00000003821","XIX",19389841,19394034,"ENSG00000133597","7",140672945,140696261,"ADCK2","ortholog_one2one",48.0831,"protein_coding",NA,NA,NA,NA,NA
"ENSGACG00000003840","XIX",19338021,19346530,"ENSG00000091127","7",105439661,105522271,"PUS7","ortholog_one2one",66.2632,"protein_coding",NA,NA,NA,NA,NA
"ENSGACG00000003854","XIX",19322856,19331099,"ENSG00000100429","22",50245183,50251405,"HDAC10","ortholog_one2one",46.1883,"protein_coding",NA,NA,NA,NA,NA
"ENSGACG00000003874","XIX",19311348,19322810,"ENSG00000188677","22",43999211,44172939,"PARVB","ortholog_one2one",77.4725,"protein_coding",NA,NA,NA,NA,NA
"ENSGACG00000003899","XIX",19302487,19310644,"ENSG00000138964","22",44172956,44219533,"PARVG","ortholog_one2one",48.3384,"protein_coding",NA,NA,NA,NA,NA
"ENSGACG00000003905","XIX",19275414,19296748,"ENSG00000138944","22",44243665,44312951,"SHISAL1","ortholog_one2one",60.804,"protein_coding",NA,NA,NA,NA,NA
"ENSGACG00000003928","XIX",19110038,19130282,"ENSG00000128159","22",50217689,50245023,"TUBGCP6","ortholog_one2one",47.8285,"protein_coding",NA,NA,NA,NA,NA
"ENSGACG00000003947","XIX",19094569,19109045,"ENSG00000136044","12",105173297,105236203,"APPL2","ortholog_one2one",69.5783,"protein_coding",NA,NA,NA,NA,NA
"ENSGACG00000004004","XIX",18939142,19004664,"ENSG00000184613","12",44508275,44921848,"NELL2","ortholog_one2one",71.201,"protein_coding",NA,NA,NA,NA,NA
"ENSGACG00000004020","XIX",18902200,18933174,"ENSG00000139173","12",43835967,44389762,"TMEM117","ortholog_one2one",68.8716,"protein_coding",NA,NA,NA,NA,NA
"ENSGACG00000004028","XIX",18893443,18900750,"ENSG00000151239","12",43793723,43806328,"TWF1","ortholog_one2one",66.2857,"protein_coding",NA,NA,NA,NA,NA
"ENSGACG00000004050","XIX",18888545,18894236,"ENSG00000198001","12",43758944,43798307,"IRAK4","ortholog_one2one",52.1739,"protein_coding",NA,NA,NA,NA,NA
"ENSGACG00000004063","XIX",18801422,18861602,"ENSG00000173157","12",43353866,43552203,"ADAMTS20","ortholog_one2one",53.7173,"protein_coding",NA,NA,NA,NA,NA
"ENSGACG00000004215","XIX",18412754,18415600,"ENSG00000172331","7",134646811,134679816,"BPGM","ortholog_one2one",73.3591,"protein_coding",NA,NA,NA,NA,NA
"ENSGACG00000004276","XIX",18381676,18390316,"ENSG00000080802","7",135361795,135510145,"CNOT4","ortholog_one2many",75.1753,"protein_coding","ENSGACG00000024737","Y",744242,762574,97.8777
"ENSGACG00000004333","XIX",18306924,18309458,"ENSG00000111711","12",21501781,21518408,"GOLT1B","ortholog_one2many",80.4348,"protein_coding","ENSGACG00000036770","Y",1863480,1866723,94.964
"ENSGACG00000004350","XIX",18302002,18306056,"ENSG00000205060","7",134289332,134316930,"SLC35B4","ortholog_one2one",58.3082,"protein_coding",NA,NA,NA,NA,NA
"ENSGACG00000004439","XIX",18206850,18216519,"ENSG00000181192","10",12068954,12123221,"DHTKD1","ortholog_one2one",68.988,"protein_coding",NA,NA,NA,NA,NA
"ENSGACG00000004528","XIX",18152071,18157791,"ENSG00000084110","12",95972662,95996365,"HAL","ortholog_one2one",80.6697,"protein_coding",NA,NA,NA,NA,NA
"ENSGACG00000004578","XIX",18123771,18131549,"ENSG00000140455","15",63504511,63594640,"USP3","ortholog_one2one",76.5385,"protein_coding",NA,NA,NA,NA,NA
"ENSGACG00000004596","XIX",18109045,18117179,"ENSG00000074410","15",63321378,63381846,"CA12","ortholog_one2one",46.3277,"protein_coding",NA,NA,NA,NA,NA
"ENSGACG00000004613","XIX",18097885,18105307,"ENSG00000140400","15",75355207,75368612,"MAN2C1","ortholog_one2one",63.0769,"protein_coding",NA,NA,NA,NA,NA
"ENSGACG00000004670","XIX",18095984,18099405,"ENSG00000140398","15",75346955,75357115,"NEIL1","ortholog_one2one",45.1282,"protein_coding",NA,NA,NA,NA,NA
"ENSGACG00000004675","XIX",18093034,18095486,"ENSG00000140365","15",75336020,75343224,"COMMD4","ortholog_one2one",70.8543,"protein_coding",NA,NA,NA,NA,NA
"ENSGACG00000004713","XIX",18018439,18022230,"ENSG00000140459","15",74337759,74367646,"CYP11A1","ortholog_one2one",46.4491,"protein_coding",NA,NA,NA,NA,NA
"ENSGACG00000004724","XIX",18015604,18019048,"ENSG00000067221","15",73978926,73994622,"STOML1","ortholog_one2one",44.4724,"protein_coding",NA,NA,NA,NA,NA
"ENSGACG00000004744","XIX",18001206,18006913,"ENSG00000213614","15",72340924,72376420,"HEXA","ortholog_one2one",53.4972,"protein_coding",NA,NA,NA,NA,NA
"ENSGACG00000004772","XIX",17985993,17998889,"ENSG00000166233","15",72474330,72602987,"ARIH1","ortholog_one2many",84.0215,"protein_coding","ENSGACG00000035693","Y",1689699,1705793,91.791
"ENSGACG00000004795","XIX",17965366,17969721,"ENSG00000138621","15",75023586,75117462,"PPCDC","ortholog_one2one",66.6667,"protein_coding",NA,NA,NA,NA,NA
"ENSGACG00000004827","XIX",17955212,17962886,"ENSG00000138614","15",65578753,65611289,"INTS14","ortholog_one2one",77.2201,"protein_coding",NA,NA,NA,NA,NA
"ENSGACG00000004903","XIX",17842495,17855110,"ENSG00000169032","15",66386837,66491656,"MAP2K1","ortholog_one2one",87.7863,"protein_coding",NA,NA,NA,NA,NA
"ENSGACG00000005043","XIX",17835828,17840385,"ENSG00000174442","15",66504959,66550130,"ZWILCH","ortholog_one2one",42.978,"protein_coding",NA,NA,NA,NA,NA
"ENSGACG00000005078","XIX",17828332,17830897,"ENSG00000174446","15",66490135,66497780,"SNAPC5","ortholog_one2one",48.9796,"protein_coding",NA,NA,NA,NA,NA
"ENSGACG00000005119","XIX",17744866,17748191,"ENSG00000103591","15",67200667,67255195,"AAGAB","ortholog_one2one",55.873,"protein_coding",NA,NA,NA,NA,NA
"ENSGACG00000005158","XIX",17724670,17744804,"ENSG00000103599","15",67254786,67502260,"IQCH","ortholog_one2one",40.0195,"protein_coding",NA,NA,NA,NA,NA
"ENSGACG00000005167","XIX",17722785,17723961,"ENSG00000189227","15",67521131,67530146,"C15orf61","ortholog_one2one",62.4204,"protein_coding",NA,NA,NA,NA,NA
"ENSGACG00000005252","XIX",17552275,17556550,"ENSG00000134574","11",47214465,47239217,"DDB2","ortholog_one2one",44.0281,"protein_coding",NA,NA,NA,NA,NA
"ENSGACG00000005255","XIX",17546392,17550088,"ENSG00000123444","11",47572197,47578976,"KBTBD4","ortholog_one2one",73.97,"protein_coding",NA,NA,NA,NA,NA
"ENSGACG00000005293","XIX",17532409,17539403,"ENSG00000132740","11",68903863,68940602,"IGHMBP2","ortholog_one2one",59.4159,"protein_coding",NA,NA,NA,NA,NA
"ENSGACG00000005331","XIX",17528115,17533425,"ENSG00000177830","11",867859,915058,"CHID1","ortholog_one2one",54.9618,"protein_coding",NA,NA,NA,NA,NA
"ENSGACG00000005365","XIX",17522403,17526834,"ENSG00000177697","11",832887,839831,"CD151","ortholog_one2one",38.3399,"protein_coding",NA,NA,NA,NA,NA
"ENSGACG00000005399","XIX",17513527,17522600,"ENSG00000177685","11",826144,831991,"CRACR2B","ortholog_one2one",40.8521,"protein_coding",NA,NA,NA,NA,NA
"ENSGACG00000005416","XIX",17483435,17508826,"ENSG00000124920","11",61752636,61788518,"MYRF","ortholog_one2one",48.2189,"protein_coding",NA,NA,NA,NA,NA
"ENSGACG00000005521","XIX",17363565,17370306,"ENSG00000177666","11",818914,825573,"PNPLA2","ortholog_one2one",56.3492,"protein_coding",NA,NA,NA,NA,NA
"ENSGACG00000005561","XIX",17340211,17346900,"ENSG00000142102","11",289126,296107,"PGGHG","ortholog_one2one",42.8765,"protein_coding",NA,NA,NA,NA,NA
"ENSGACG00000005590","XIX",17332679,17340400,"ENSG00000149503","11",62123998,62155474,"INCENP","ortholog_one2one",33.6601,"protein_coding",NA,NA,NA,NA,NA
"ENSGACG00000005607","XIX",17327080,17331887,"ENSG00000167995","11",61950063,61965515,"BEST1","ortholog_one2one",49.2308,"protein_coding",NA,NA,NA,NA,NA
"ENSGACG00000005613","XIX",17318852,17326515,"ENSG00000167994","11",61897301,61920269,"RAB3IL1","ortholog_one2one",57.5916,"protein_coding",NA,NA,NA,NA,NA
"ENSGACG00000005632","XIX",17301603,17311912,"ENSG00000110756","11",18278668,18322198,"HPS5","ortholog_one2one",49.6014,"protein_coding",NA,NA,NA,NA,NA
"ENSGACG00000005659","XIX",17262552,17300793,"ENSG00000110768","11",18322295,18367045,"GTF2H1","ortholog_one2one",74.635,"protein_coding",NA,NA,NA,NA,NA
"ENSGACG00000005737","XIX",17210648,17215684,"ENSG00000166788","11",18069935,18106087,"SAAL1","ortholog_one2one",44.7257,"protein_coding",NA,NA,NA,NA,NA
"ENSGACG00000005794","XIX",17191701,17199806,"ENSG00000129158","11",17788048,18013047,"SERGEF","ortholog_one2one",38.8646,"protein_coding",NA,NA,NA,NA,NA
"ENSGACG00000005806","XIX",17181146,17194278,"ENSG00000129159","11",17734774,17856804,"KCNC1","ortholog_one2one",74.359,"protein_coding",NA,NA,NA,NA,NA
"ENSGACG00000005853","XIX",17150430,17155337,"ENSG00000185187","11",405715,417455,"SIGIRR","ortholog_one2one",46.8293,"protein_coding",NA,NA,NA,NA,NA
"ENSGACG00000005915","XIX",17055083,17082266,"ENSG00000134343","11",26188842,26663289,"ANO3","ortholog_one2one",69.6228,"protein_coding",NA,NA,NA,NA,NA
"ENSGACG00000005988","XIX",16998846,17007879,"ENSG00000081014","15",50908672,51005895,"AP4E1","ortholog_one2one",53.2102,"protein_coding",NA,NA,NA,NA,NA
"ENSGACG00000006001","XIX",16983300,16994035,"ENSG00000128833","15",52192322,52295804,"MYO5C","ortholog_one2one",62.4569,"protein_coding",NA,NA,NA,NA,NA
"ENSGACG00000006141","XIX",16883128,16888604,"ENSG00000198690","15",30890559,30943108,"FAN1","ortholog_one2one",47.001,"protein_coding",NA,NA,NA,NA,NA
"ENSGACG00000006224","XIX",16782350,16793853,"ENSG00000103995","15",48712928,48811146,"CEP152","ortholog_one2one",27.193,"protein_coding",NA,NA,NA,NA,NA
"ENSGACG00000006232","XIX",16777733,16781426,"ENSG00000156958","15",49155656,49367869,"GALK2","ortholog_one2one",63.3188,"protein_coding",NA,NA,NA,NA,NA
"ENSGACG00000006260","XIX",16771204,16776226,"ENSG00000137767","15",45631148,45691281,"SQOR","ortholog_one2one",67.7778,"protein_coding",NA,NA,NA,NA,NA
"ENSGACG00000006281","XIX",16763120,16769672,"ENSG00000137770","15",44427622,44529038,"CTDSPL2","ortholog_one2many",70.3863,"protein_coding","ENSGACG00000032691","Y",1526480,1537185,94.0639
"ENSGACG00000006315","XIX",16754342,16758798,"ENSG00000138617","15",65234460,65300618,"PARP16","ortholog_one2one",60.559,"protein_coding",NA,NA,NA,NA,NA
"ENSGACG00000006576","XIX",16647528,16651073,"ENSG00000166405","11",8106056,8169055,"RIC3","ortholog_one2one",34.9594,"protein_coding",NA,NA,NA,NA,NA
"ENSGACG00000006624","XIX",16590742,16623881,"ENSG00000188487","11",15112424,15247208,"INSC","ortholog_one2one",62.9699,"protein_coding",NA,NA,NA,NA,NA
"ENSGACG00000006659","XIX",16472006,16477044,"ENSG00000110696","11",16613132,16758340,"C11orf58","ortholog_one2one",46.4481,"protein_coding",NA,NA,NA,NA,NA
"ENSGACG00000006738","XIX",16352320,16381127,"ENSG00000011405","11",17077730,17207986,"PIK3C2A","ortholog_one2one",61.1507,"protein_coding",NA,NA,NA,NA,NA
"ENSGACG00000006950","XIX",16256088,16264843,"ENSG00000166199","11",43880811,43920274,"ALKBH3","ortholog_one2one",51.7483,"protein_coding",NA,NA,NA,NA,NA
"ENSGACG00000006985","XIX",16231267,16242890,"ENSG00000140534","15",89575469,89631056,"TICRR","ortholog_one2one",30.3141,"protein_coding",NA,NA,NA,NA,NA
"ENSGACG00000007033","XIX",16212320,16218964,"ENSG00000167004","15",43746394,43773279,"PDIA3","ortholog_one2many",71.2871,"protein_coding","ENSGACG00000030760","Y",1608804,1616436,93.8343
"ENSGACG00000007047","XIX",16208338,16210880,"ENSG00000172183","15",88635670,88656483,"ISG20","ortholog_one2one",33.1492,"protein_coding",NA,NA,NA,NA,NA
"ENSGACG00000007166","XIX",16061251,16065662,"ENSG00000178802","15",74890005,74902219,"MPI","ortholog_one2one",58.3924,"protein_coding",NA,NA,NA,NA,NA
"ENSGACG00000007238","XIX",15943711,15947033,"ENSG00000166794","15",64155740,64163134,"PPIB","ortholog_one2one",77.7778,"protein_coding",NA,NA,NA,NA,NA
"ENSGACG00000007242","XIX",15938066,15942845,"ENSG00000159322","15",72751294,72785846,"ADPGK","ortholog_one2one",62.5755,"protein_coding",NA,NA,NA,NA,NA
"ENSGACG00000007256","XIX",15898829,15925255,"ENSG00000103723","15",82659281,82710112,"AP3B2","ortholog_one2one",76.7484,"protein_coding",NA,NA,NA,NA,NA
"ENSGACG00000007291","XIX",15883646,15891947,"ENSG00000028528","15",64094123,64146090,"SNX1","ortholog_one2many",64.1762,"protein_coding","ENSGACG00000035300","Y",520717,564897,90.5128
"ENSGACG00000007341","XIX",15874439,15882560,"ENSG00000136381","15",78437431,78501453,"IREB2","ortholog_one2one",66.5628,"protein_coding",NA,NA,NA,NA,NA
"ENSGACG00000007380","XIX",15860894,15866832,"ENSG00000140395","15",78277835,78299703,"SKIC8","ortholog_one2one",83.9344,"protein_coding",NA,NA,NA,NA,NA
"ENSGACG00000007393","XIX",15847654,15859004,"ENSG00000166426","15",78340353,78348225,"CRABP1","ortholog_one2one",70.073,"protein_coding",NA,NA,NA,NA,NA
"ENSGACG00000007425","XIX",15824142,15837927,"ENSG00000169375","15",75369379,75455842,"SIN3A","ortholog_one2many",78.5546,"protein_coding","ENSGACG00000028332","Y",1587988,1603357,96.6248
"ENSGACG00000007434","XIX",15808953,15820065,"ENSG00000169410","15",75463251,75579315,"PTPN9","ortholog_one2one",64.5868,"protein_coding",NA,NA,NA,NA,NA
"ENSGACG00000007480","XIX",15734706,15773843,"ENSG00000173546","15",75674322,75712848,"CSPG4","ortholog_one2one",34.7545,"protein_coding",NA,NA,NA,NA,NA
"ENSGACG00000007601","XIX",15615733,15636448,"ENSG00000127329","12",70515870,70637440,"PTPRB","ortholog_one2one",45.9142,"protein_coding",NA,NA,NA,NA,NA
"ENSGACG00000007651","XIX",15567127,15607620,"ENSG00000133858","12",71609599,71667725,"ZFC3H1","ortholog_one2one",46.1538,"protein_coding",NA,NA,NA,NA,NA
"ENSGACG00000007682","XIX",15579078,15590247,"ENSG00000121749","12",71839707,71927248,"TBC1D15","ortholog_one2one",61.5727,"protein_coding",NA,NA,NA,NA,NA
"ENSGACG00000007717","XIX",15568023,15577843,"ENSG00000139287","12",71938845,72186618,"TPH2","ortholog_one2one",64.898,"protein_coding",NA,NA,NA,NA,NA
"ENSGACG00000007787","XIX",15520016,15530617,"ENSG00000103479","16",53433977,53491648,"RBL2","ortholog_one2one",54.6093,"protein_coding",NA,NA,NA,NA,NA
"ENSGACG00000007833","XIX",15469636,15478324,"ENSG00000255346","15",69014695,69062762,"NOX5","ortholog_one2one",64.7059,"protein_coding",NA,NA,NA,NA,NA
"ENSGACG00000007919","XIX",15341249,15353183,"ENSG00000075089","12",100199122,100241865,"ACTR6","ortholog_one2one",77.2727,"protein_coding",NA,NA,NA,NA,NA
"ENSGACG00000007952","XIX",15335046,15340852,"ENSG00000146083","5",176526712,176538025,"RNF44","ortholog_one2one",17.5926,"protein_coding",NA,NA,NA,NA,NA
"ENSGACG00000007967","XIX",15325030,15327689,"ENSG00000166803","15",64364304,64387687,"PCLAF","ortholog_one2one",54.0541,"protein_coding",NA,NA,NA,NA,NA
"ENSGACG00000007976","XIX",15316541,15325020,"ENSG00000157353","16",70454595,70480274,"FCSK","ortholog_one2one",52.4908,"protein_coding",NA,NA,NA,NA,NA
"ENSGACG00000008007","XIX",15289010,15301804,"ENSG00000135362","11",36296288,36465204,"PRR5L","ortholog_one2one",47.0109,"protein_coding",NA,NA,NA,NA,NA
"ENSGACG00000008057","XIX",15188229,15206096,"ENSG00000104133","15",44554818,44663688,"SPG11","ortholog_one2one",39.6643,"protein_coding",NA,NA,NA,NA,NA
"ENSGACG00000008086","XIX",15182714,15188070,"ENSG00000198839","7",112206695,112343934,"ZNF277","ortholog_one2one",60.8889,"protein_coding",NA,NA,NA,NA,NA
"ENSGACG00000008130","XIX",15176676,15182850,"ENSG00000184903","7",110662644,111562517,"IMMP2L","ortholog_one2one",57.1429,"protein_coding",NA,NA,NA,NA,NA
"ENSGACG00000008150","XIX",15171806,15174873,"ENSG00000126249","19",34404399,34426168,"PDCD2L","ortholog_one2one",36.0335,"protein_coding",NA,NA,NA,NA,NA
"ENSGACG00000008159","XIX",15156405,15164496,"ENSG00000167264","16",67987746,68079320,"DUS2","ortholog_one2one",59.6349,"protein_coding",NA,NA,NA,NA,NA
"ENSGACG00000008240","XIX",15135577,15142449,"ENSG00000091140","7",107891162,107931730,"DLD","ortholog_one2one",81.5324,"protein_coding",NA,NA,NA,NA,NA
"ENSGACG00000008302","XIX",15126806,15135254,"ENSG00000149043","11",1828307,1837521,"SYT8","ortholog_one2one",41.8605,"protein_coding",NA,NA,NA,NA,NA
"ENSGACG00000008376","XIX",15052701,15072423,"ENSG00000130592","11",1850904,1892267,"LSP1","ortholog_one2one",34.2183,"protein_coding",NA,NA,NA,NA,NA
"ENSGACG00000008531","XIX",14897065,14904838,"ENSG00000168411","16",74621399,74666877,"RFWD3","ortholog_one2one",31.0078,"protein_coding",NA,NA,NA,NA,NA
"ENSGACG00000008536","XIX",14888514,14895751,"ENSG00000168404","16",74671855,74700960,"MLKL","ortholog_one2one",34.8195,"protein_coding",NA,NA,NA,NA,NA
"ENSGACG00000008577","XIX",14854077,14875676,"ENSG00000105186","19",32597006,32676597,"ANKRD27","ortholog_one2one",52.8571,"protein_coding",NA,NA,NA,NA,NA
"ENSGACG00000008638","XIX",14750252,14766712,"ENSG00000008311","7",122064583,122144308,"AASS","ortholog_one2one",65.0108,"protein_coding",NA,NA,NA,NA,NA
"ENSGACG00000008655","XIX",14669812,14739171,"ENSG00000081803","7",122318411,122886759,"CADPS2","ortholog_one2one",72.608,"protein_coding",NA,NA,NA,NA,NA
"ENSGACG00000008678","XIX",14661444,14668184,"ENSG00000164675","7",123452193,123535077,"IQUB","ortholog_one2one",38.0531,"protein_coding",NA,NA,NA,NA,NA
"ENSGACG00000008727","XIX",14607994,14614972,"ENSG00000106302","7",123828983,123877481,"HYAL4","ortholog_one2one",53.6383,"protein_coding",NA,NA,NA,NA,NA
"ENSGACG00000008730","XIX",14601403,14606236,"ENSG00000106304","7",123925237,123971414,"SPAM1","ortholog_one2one",36.1493,"protein_coding",NA,NA,NA,NA,NA
"ENSGACG00000008743","XIX",14560621,14570633,"ENSG00000128513","7",124822386,124929983,"POT1","ortholog_one2one",27.918,"protein_coding",NA,NA,NA,NA,NA
"ENSGACG00000008843","XIX",14453217,14457605,"ENSG00000068438","X",48476021,48486364,"FTSJ1","ortholog_one2one",69.9088,"protein_coding",NA,NA,NA,NA,NA
"ENSGACG00000008935","XIX",14316668,14323657,"ENSG00000069696","11",637269,640706,"DRD4","ortholog_one2one",50.1193,"protein_coding",NA,NA,NA,NA,NA
"ENSGACG00000008942","XIX",14308851,14315390,"ENSG00000177030","11",644233,707118,"DEAF1","ortholog_one2one",53.8053,"protein_coding",NA,NA,NA,NA,NA
"ENSGACG00000008957","XIX",14287778,14304720,"ENSG00000070961","12",89588049,89709366,"ATP2B1","ortholog_one2one",72.8689,"protein_coding",NA,NA,NA,NA,NA
"ENSGACG00000008981","XIX",14280575,14286445,"ENSG00000075218","22",46296870,46330810,"GTSE1","ortholog_one2one",21.5156,"protein_coding",NA,NA,NA,NA,NA
"ENSGACG00000009039","XIX",14200943,14223180,"ENSG00000001626","7",117287120,117715971,"CFTR","ortholog_one2one",59.3243,"protein_coding",NA,NA,NA,NA,NA
"ENSGACG00000009061","XIX",14154924,14161461,"ENSG00000105989","7",117275451,117323152,"WNT2","ortholog_one2one",66.9444,"protein_coding",NA,NA,NA,NA,NA
"ENSGACG00000009107","XIX",14114830,14127926,"ENSG00000198898","7",116811070,116922049,"CAPZA2","ortholog_one2one",80.4196,"protein_coding",NA,NA,NA,NA,NA
"ENSGACG00000009190","XIX",14063883,14107536,"ENSG00000105976","7",116672196,116798377,"MET","ortholog_one2one",47.4101,"protein_coding",NA,NA,NA,NA,NA
"ENSGACG00000009202","XIX",14043529,14056984,"ENSG00000105971","7",116287380,116508541,"CAV2","ortholog_one2one",46.9136,"protein_coding",NA,NA,NA,NA,NA
"ENSGACG00000009210","XIX",14013222,14020620,"ENSG00000135269","7",116210506,116258783,"TES","ortholog_one2one",63.1829,"protein_coding",NA,NA,NA,NA,NA
"ENSGACG00000009214","XIX",14006150,14012048,"ENSG00000091704","7",130380339,130388114,"CPA1","ortholog_one2one",67.3031,"protein_coding",NA,NA,NA,NA,NA
"ENSGACG00000009309","XIX",14001547,14006804,"ENSG00000106477","7",130393771,130442433,"CEP41","ortholog_one2one",42.0912,"protein_coding",NA,NA,NA,NA,NA
"ENSGACG00000009335","XIX",13997131,14002080,"ENSG00000139323","12",89419718,89526047,"POC1B","ortholog_one2one",48.1172,"protein_coding",NA,NA,NA,NA,NA
"ENSGACG00000009342","XIX",13966350,13967854,"ENSG00000139318","12",89347235,89352501,"DUSP6","ortholog_one2one",34.1207,"protein_coding",NA,NA,NA,NA,NA
"ENSGACG00000009378","XIX",13811530,13827377,"ENSG00000139324","12",88142296,88199887,"TMTC3","ortholog_one2one",71.7724,"protein_coding",NA,NA,NA,NA,NA
"ENSGACG00000009388","XIX",13785076,13810999,"ENSG00000198707","12",88049016,88142099,"CEP290","ortholog_one2one",51.4724,"protein_coding",NA,NA,NA,NA,NA
"ENSGACG00000009418","XIX",13781210,13784806,"ENSG00000133641","12",88033846,88050160,"RLIG1","ortholog_one2one",57.2308,"protein_coding",NA,NA,NA,NA,NA
"ENSGACG00000009549","XIX",13606157,13610622,"ENSG00000133636","12",85874295,85882992,"NTS","ortholog_one2one",28.8235,"protein_coding",NA,NA,NA,NA,NA
"ENSGACG00000009557","XIX",13563855,13575057,"ENSG00000180318","12",85280220,85301784,"ALX1","ortholog_one2one",50.3067,"protein_coding",NA,NA,NA,NA,NA
"ENSGACG00000009562","XIX",13509353,13522265,"ENSG00000072041","12",84859491,84913629,"SLC6A15","ortholog_one2one",77.8082,"protein_coding",NA,NA,NA,NA,NA
"ENSGACG00000009572","XIX",13486659,13508154,"ENSG00000188906","12",40196744,40369285,"LRRK2","ortholog_one2one",48.793,"protein_coding",NA,NA,NA,NA,NA
"ENSGACG00000009648","XIX",13392356,13397709,"ENSG00000158516","7",130266863,130289798,"CPA2","ortholog_one2one",61.0979,"protein_coding",NA,NA,NA,NA,NA
"ENSGACG00000009689","XIX",13379336,13392248,"ENSG00000077935","22",45344063,45413619,"SMC1B","ortholog_one2one",48.583,"protein_coding",NA,NA,NA,NA,NA
"ENSGACG00000009705","XIX",13375891,13378708,"ENSG00000165714","12",12357078,12471233,"BORCS5","ortholog_one2one",76.5306,"protein_coding",NA,NA,NA,NA,NA
"ENSGACG00000009717","XIX",13341716,13345952,"ENSG00000110315","11",10511673,10541230,"RNF141","ortholog_one2one",74.7826,"protein_coding",NA,NA,NA,NA,NA
"ENSGACG00000009764","XIX",13292887,13297664,"ENSG00000166483","11",9573670,9593457,"WEE1","ortholog_one2many",64.0867,"protein_coding","ENSGACG00000032112","Y",4595909,4602138,90.9231
"ENSGACG00000009776","XIX",13283026,13291919,"ENSG00000166478","11",9460319,9528524,"ZNF143","ortholog_one2many",69.4357,"protein_coding","ENSGACG00000031541","Y",4603696,4636260,90.2141
"ENSGACG00000009803","XIX",13237173,13240776,"ENSG00000168803","15",43330672,43354569,"ADAL","ortholog_one2one",62.2535,"protein_coding",NA,NA,NA,NA,NA
"ENSGACG00000009849","XIX",13230774,13238564,"ENSG00000135372","11",34105617,34147670,"NAT10","ortholog_one2one",79.2195,"protein_coding",NA,NA,NA,NA,NA
"ENSGACG00000009892","XIX",13141605,13170142,"ENSG00000157570","11",44726465,44932423,"TSPAN18","ortholog_one2one",65.7258,"protein_coding",NA,NA,NA,NA,NA
"ENSGACG00000009918","XIX",13061595,13097437,"ENSG00000175274","11",44885903,44951306,"TP53I11","ortholog_one2one",65.6085,"protein_coding",NA,NA,NA,NA,NA
"ENSGACG00000009959","XIX",12937178,13017091,"ENSG00000189056","7",103471381,103989658,"RELN","ortholog_one2one",69.6243,"protein_coding",NA,NA,NA,NA,NA
"ENSGACG00000010007","XIX",12908776,12919023,"ENSG00000139151","12",18683169,18738100,"PLCZ1","ortholog_one2one",39.4737,"protein_coding",NA,NA,NA,NA,NA
"ENSGACG00000010024","XIX",12821349,12836813,"ENSG00000139154","12",19404045,19720801,"AEBP2","ortholog_one2one",51.0934,"protein_coding",NA,NA,NA,NA,NA
"ENSGACG00000010060","XIX",12662278,12667886,"ENSG00000005249","7",107044705,107161811,"PRKAR2B","ortholog_one2one",66.7464,"protein_coding",NA,NA,NA,NA,NA
"ENSGACG00000010077","XIX",12647313,12654879,"ENSG00000111696","12",103770453,103841234,"NT5DC3","ortholog_one2one",61.1314,"protein_coding",NA,NA,NA,NA,NA
"ENSGACG00000010201","XIX",12467420,12480939,"ENSG00000035664","15",63907036,64072033,"DAPK2","ortholog_one2one",62.973,"protein_coding",NA,NA,NA,NA,NA
"ENSGACG00000010224","XIX",12455301,12466749,"ENSG00000167202","15",77984036,78077724,"TBC1D2B","ortholog_one2many",60.3323,"protein_coding","ENSGACG00000028973","Y",4520240,4552694,96.3037
"ENSGACG00000010422","XIX",12402838,12422588,"ENSG00000134160","15",31001065,31161160,"TRPM1","ortholog_one2many",63.8154,"protein_coding","ENSGACG00000030937","Y",3967571,3975016,96.1268
"ENSGACG00000010496","XIX",12372876,12376807,"ENSG00000117906","15",76931738,76954393,"RCN2","ortholog_one2one",42.9022,"protein_coding",NA,NA,NA,NA,NA
"ENSGACG00000010509","XIX",12309188,12373571,"ENSG00000140386","15",76347904,76905444,"SCAPER","ortholog_one2one",66.5714,"protein_coding",NA,NA,NA,NA,NA
"ENSGACG00000010682","XIX",11996614,12004620,"ENSG00000128915","15",60419609,60479160,"ICE2","ortholog_one2one",28.3096,"protein_coding",NA,NA,NA,NA,NA
"ENSGACG00000010705","XIX",11925338,11933443,"ENSG00000140299","15",59659146,59689339,"BNIP2","ortholog_one2many",74.8408,"protein_coding","ENSGACG00000037562","Y",2761819,2770050,94.235
"ENSGACG00000010734","XIX",11871728,11890614,"ENSG00000169918","15",31475398,31870789,"OTUD7A","ortholog_one2many",71.9185,"protein_coding","ENSGACG00000027626","Y",4108988,4151699,98.0105
"ENSGACG00000010746","XIX",11808618,11816973,"ENSG00000140557","15",92393881,92468728,"ST8SIA2","ortholog_one2one",60.5333,"protein_coding",NA,NA,NA,NA,NA
"ENSGACG00000010807","XIX",11663205,11680675,"ENSG00000185033","15",90160604,90229679,"SEMA4B","ortholog_one2many",48.1481,"protein_coding","ENSGACG00000024759","Y",15485663,15488045,91.4286
"ENSGACG00000010827","XIX",11599724,11608020,"ENSG00000182054","15",90083045,90102477,"IDH2","ortholog_one2many",84.292,"protein_coding","ENSGACG00000037531","Y",15570385,15579236,98.8913
"ENSGACG00000010898","XIX",11469452,11481244,"ENSG00000136383","15",84817356,84873479,"ALPK3","ortholog_one2many",28.0938,"protein_coding","ENSGACG00000030744","Y",15765906,15779739,94.5466
"ENSGACG00000010936","XIX",11453397,11461051,"ENSG00000166716","15",84748592,84806445,"ZNF592","ortholog_one2one",41.8311,"protein_coding",NA,NA,NA,NA,NA
"ENSGACG00000010960","XIX",11434694,11438385,"ENSG00000188991","12",16188485,16277685,"SLC15A5","ortholog_one2one",46.2867,"protein_coding",NA,NA,NA,NA,NA
"ENSGACG00000010963","XIX",11430551,11433329,"ENSG00000109881","11",27330827,27363234,"CCDC34","ortholog_one2one",26.5416,"protein_coding",NA,NA,NA,NA,NA
"ENSGACG00000010978","XIX",11424014,11427450,"ENSG00000069998","22",17137511,17165287,"HDHD5","ortholog_one2one",52.2459,"protein_coding",NA,NA,NA,NA,NA
"ENSGACG00000010988","XIX",11417314,11423009,"ENSG00000120647","12",389273,442642,"CCDC77","ortholog_one2one",51.0246,"protein_coding",NA,NA,NA,NA,NA
"ENSGACG00000011004","XIX",11401559,11417628,"ENSG00000006611","11",17493895,17544416,"USH1C","ortholog_one2one",45.9399,"protein_coding",NA,NA,NA,NA,NA
"ENSGACG00000011062","XIX",11215513,11252267,"ENSG00000149177","11",47980425,48170839,"PTPRJ","ortholog_one2one",25.7292,"protein_coding",NA,NA,NA,NA,NA
"ENSGACG00000011104","XIX",11127036,11133742,"ENSG00000180176","11",2163929,2171815,"TH","ortholog_one2one",66.1972,"protein_coding",NA,NA,NA,NA,NA
"ENSGACG00000011141","XIX",10982741,11004613,"ENSG00000110090","11",68754620,68844410,"CPT1A","ortholog_one2many",71.2807,"protein_coding","ENSGACG00000033944","Y",10176611,10197339,94.4724
"ENSGACG00000011188","XIX",10942429,10948686,"ENSG00000151116","11",18529609,18588747,"UEVLD","ortholog_one2many",47.1338,"protein_coding","ENSGACG00000035395","Y",10317248,10322225,97.8541
"ENSGACG00000011253","XIX",10780208,10819173,"ENSG00000166016","11",34150987,34358010,"ABTB2","ortholog_one2many",69.0732,"protein_coding","ENSGACG00000027757","Y",10473945,10535008,93.4605
"ENSGACG00000011344","XIX",10604608,10612312,"ENSG00000161328","11",537527,554912,"LRRC56","ortholog_one2many",32.2878,"protein_coding","ENSGACG00000032565","Y",10745391,10754836,96.8696
"ENSGACG00000011348","XIX",10573814,10597866,"ENSG00000099849","11",560404,564025,"RASSF7","ortholog_one2many",36.7292,"protein_coding","ENSGACG00000038075","Y",10761353,10795255,92.4731
"ENSGACG00000011372","XIX",10551980,10557928,"ENSG00000185507","11",612553,615983,"IRF7","ortholog_one2one",26.6402,"protein_coding",NA,NA,NA,NA,NA
"ENSGACG00000011388","XIX",10383035,10387195,"ENSG00000179431","11",35618460,35620865,"FJX1","ortholog_one2many",48.9703,"protein_coding","ENSGACG00000035549","Y",11057965,11077171,97.3872
"ENSGACG00000011389","XIX",10353758,10383249,"ENSG00000149090","11",35431823,35530300,"PAMR1","ortholog_one2one",52.2222,"protein_coding",NA,NA,NA,NA,NA
"ENSGACG00000011397","XIX",10324051,10347607,"ENSG00000110436","11",35251205,35420063,"SLC1A2","ortholog_one2many",77.5261,"protein_coding","ENSGACG00000035477","Y",11134338,11159765,99.4764
"ENSGACG00000011437","XIX",10282400,10304199,"ENSG00000110435","11",34915829,35020591,"PDHX","ortholog_one2many",58.483,"protein_coding","ENSGACG00000030051","Y",11181230,11197520,93.4605
"ENSGACG00000011461","XIX",9909989,9913997,"ENSG00000175097","11",36575574,36598279,"RAG2","ortholog_one2many",51.4231,"protein_coding","ENSGACG00000026863","Y",11709049,11710662,96.087
"ENSGACG00000011465","XIX",9903565,9909817,"ENSG00000166349","11",36510372,36593156,"RAG1","ortholog_one2many",58.3893,"protein_coding","ENSGACG00000025310","Y",11712741,11714966,94.8307
"ENSGACG00000011484","XIX",9814105,9826748,"ENSG00000196547","15",90902218,90922584,"MAN2A2","ortholog_one2many",67.4783,"protein_coding","ENSGACG00000032304","Y",11805394,11821204,96.817
"ENSGACG00000011538","XIX",9801119,9803586,"ENSG00000185043","15",90229975,90234047,"CIB1","ortholog_one2many",70.6806,"protein_coding","ENSGACG00000028488","Y",11875786,11878690,93.5829
"ENSGACG00000011591","XIX",9744017,9753587,"ENSG00000140525","15",89243945,89317261,"FANCI","ortholog_one2one",59.1114,"protein_coding",NA,NA,NA,NA,NA
"ENSGACG00000011661","XIX",9518274,9525820,"ENSG00000133703","12",25205246,25250936,"KRAS","ortholog_one2many",82.4468,"protein_coding","ENSGACG00000031645","Y",12192950,12525565,96.9849
"ENSGACG00000011708","XIX",9437010,9451103,"ENSG00000187510","12",92702843,92772455,"PLEKHG7","ortholog_one2one",41.0999,"protein_coding",NA,NA,NA,NA,NA
"ENSGACG00000011745","XIX",9394346,9403244,"ENSG00000012504","12",100473708,100564414,"NR1H4","ortholog_one2many",61.9748,"protein_coding","ENSGACG00000037770","Y",12373435,12388662,97.9296
"ENSGACG00000011830","XIX",9316570,9332978,"ENSG00000111783","12",106583004,106762803,"RFX4","ortholog_one2many",85.3061,"protein_coding","ENSGACG00000023693","Y",12466798,12482427,95.6284
"ENSGACG00000011833","XIX",9306644,9315390,"ENSG00000111785","12",106774621,106889316,"RIC8B","ortholog_one2many",53.3929,"protein_coding","ENSGACG00000035018","Y",12485992,12494626,97.6147
"ENSGACG00000011958","XIX",9127340,9131275,"ENSG00000087502","12",29337352,29381189,"ERGIC2","ortholog_one2many",68.7003,"protein_coding","ENSGACG00000034509","Y",12679841,12683455,98.9333
"ENSGACG00000011996","XIX",9102820,9116712,"ENSG00000170456","12",31382226,31591136,"DENND5B","ortholog_one2many",58.6342,"protein_coding","ENSGACG00000034908","Y",12696441,12709430,94.4895
"ENSGACG00000012079","XIX",9020337,9040967,"ENSG00000060237","12",752579,911452,"WNK1","ortholog_one2many",33.4593,"protein_coding","ENSGACG00000026582","Y",12782647,12816301,94.2824
"ENSGACG00000012113","XIX",8998495,9000136,"ENSG00000171823","12",1565993,1594581,"FBXL14","ortholog_one2many",83.9713,"protein_coding","ENSGACG00000035990","Y",12903930,12906838,97.0223
"ENSGACG00000012232","XIX",8720447,8728604,"ENSG00000165630","10",13586939,13668445,"PRPF18","ortholog_one2many",81.8713,"protein_coding","ENSGACG00000027297","Y",13288195,13296775,99.4253
"ENSGACG00000012275","XIX",8715941,8720806,"ENSG00000165626","10",13438484,13529014,"BEND7","ortholog_one2many",46.0048,"protein_coding","ENSGACG00000026689","Y",13297742,13302386,97.2043
"ENSGACG00000012282","XIX",8710007,8714844,"ENSG00000086475","10",13317428,13348298,"SEPHS1","ortholog_one2many",93.1122,"protein_coding","ENSGACG00000036541","Y",13302612,13308993,96.0494
"ENSGACG00000012306","XIX",8702463,8709704,"ENSG00000205560","22",50568861,50578465,"CPT1B","ortholog_one2one",64.2487,"protein_coding",NA,NA,NA,NA,NA
"ENSGACG00000012349","XIX",8692468,8698861,"ENSG00000100288","22",50578959,50601455,"CHKB","ortholog_one2one",55.1899,"protein_coding",NA,NA,NA,NA,NA
"ENSGACG00000012412","XIX",8636088,8640584,"ENSG00000100299","22",50622754,50628173,"ARSA","ortholog_one2many",55.2063,"protein_coding","ENSGACG00000023760","Y",13359214,13361208,96.1538
"ENSGACG00000012555","XIX",8354430,8440222,"ENSG00000151474","10",13643706,14462142,"FRMD4A","ortholog_one2many",80.3657,"protein_coding","ENSGACG00000030123","Y",13632332,13718097,96.4618
"ENSGACG00000012612","XIX",8322423,8328969,"ENSG00000106344","7",128297685,128343908,"RBM28","ortholog_one2many",49.4071,"protein_coding","ENSGACG00000035151","Y",13749376,13759028,96.5969
"ENSGACG00000012746","XIX",7882487,7897475,"ENSG00000164659","7",86876906,87059654,"ELAPOR2","ortholog_one2many",60.7386,"protein_coding","ENSGACG00000035882","Y",14243203,14253608,98.7976
"ENSGACG00000012900","XIX",7741757,7745488,"ENSG00000100253","22",50486784,50490648,"MIOX","ortholog_one2one",66.6667,"protein_coding",NA,NA,NA,NA,NA
"ENSGACG00000012928","XIX",7735637,7742596,"ENSG00000100258","22",50502949,50507702,"LMF2","ortholog_one2many",50.7779,"protein_coding","ENSGACG00000025755","Y",14580404,14585194,91.6084
"ENSGACG00000012946","XIX",7715909,7734712,"ENSG00000111731","12",22448583,22544546,"C2CD5","ortholog_one2many",78.4015,"protein_coding","ENSGACG00000031679","Y",14560767,14579389,99.1127
"ENSGACG00000012971","XIX",7699741,7709041,"ENSG00000139044","12",459939,563509,"B4GALNT3","ortholog_one2one",37.1743,"protein_coding",NA,NA,NA,NA,NA
"ENSGACG00000012979","XIX",7688374,7694324,"ENSG00000004478","12",2794970,2805423,"FKBP4","ortholog_one2many",55.7734,"protein_coding","ENSGACG00000030069","Y",14527504,14533279,91.17
"ENSGACG00000013030","XIX",7680872,7688255,"ENSG00000013573","12",31073860,31104799,"DDX11","ortholog_one2one",59.4923,"protein_coding",NA,NA,NA,NA,NA
"ENSGACG00000013060","XIX",7653482,7674882,"ENSG00000120645","12",66767,178455,"IQSEC3","ortholog_one2many",49.3232,"protein_coding","ENSGACG00000025307","Y",14488454,14515224,97.7934
"ENSGACG00000013120","XIX",7558467,7561976,"ENSG00000179941","12",76344474,76348415,"BBS10","ortholog_one2one",22.545,"protein_coding",NA,NA,NA,NA,NA
"ENSGACG00000013135","XIX",7531377,7550186,"ENSG00000110799","12",5948877,6124770,"VWF","ortholog_one2one",44.6854,"protein_coding",NA,NA,NA,NA,NA
"ENSGACG00000013149","XIX",7516908,7531589,"ENSG00000047617","12",5531869,5946232,"ANO2","ortholog_one2many",48.5972,"protein_coding","ENSGACG00000029823","Y",14605797,14621729,97.7692
"ENSGACG00000013162","XIX",7512188,7516585,"ENSG00000154227","15",100400395,100544995,"CERS3","ortholog_one2one",48.564,"protein_coding",NA,NA,NA,NA,NA
"ENSGACG00000013167","XIX",7508139,7512178,"ENSG00000156206","15",81007033,81149179,"CFAP161","ortholog_one2one",35.8804,"protein_coding",NA,NA,NA,NA,NA
"ENSGACG00000013238","XIX",6993019,6998393,"ENSG00000183060","15",99715697,99733561,"LYSMD4","ortholog_one2one",34.4595,"protein_coding",NA,NA,NA,NA,NA
"ENSGACG00000013246","XIX",6906134,6921814,"ENSG00000173575","15",92886203,93027996,"CHD2","ortholog_one2one",63.8403,"protein_coding",NA,NA,NA,NA,NA
"ENSGACG00000013321","XIX",6872796,6878646,"ENSG00000059378","7",140023749,140062951,"PARP12","ortholog_one2one",42.0827,"protein_coding",NA,NA,NA,NA,NA
"ENSGACG00000013331","XIX",6869864,6873033,"ENSG00000103021","16",58231157,58283836,"CFAP263","ortholog_one2one",28.9125,"protein_coding",NA,NA,NA,NA,NA
"ENSGACG00000013333","XIX",6812498,6868838,"ENSG00000196935","12",63843761,64162217,"SRGAP1","ortholog_one2many",82.5806,"protein_coding","ENSGACG00000024091","Y",9592693,9654160,98.143
"ENSGACG00000013365","XIX",6796097,6802990,"ENSG00000105176","19",29923644,30016612,"URI1","ortholog_one2many",50.4673,"protein_coding","ENSGACG00000026955","Y",9574079,9581597,92.278
"ENSGACG00000013473","XIX",6515621,6571087,"ENSG00000151136","12",107318421,107659642,"ABTB3","ortholog_one2many",66.7572,"protein_coding","ENSGACG00000032835","Y",9190501,9253151,97.0588
"ENSGACG00000013480","XIX",6508035,6516149,"ENSG00000008405","12",106991364,107093549,"CRY1","ortholog_one2many",77.1331,"protein_coding","ENSGACG00000024669","Y",9175452,9181186,96.2264
"ENSGACG00000013499","XIX",6389865,6399477,"ENSG00000136051","12",105107324,105169130,"WASHC4","ortholog_one2one",82.9497,"protein_coding",NA,NA,NA,NA,NA
"ENSGACG00000013517","XIX",6383235,6388696,"ENSG00000111596","12",70243002,70354993,"CNOT2","ortholog_one2many",85,"protein_coding","ENSGACG00000033115","Y",5687346,5707261,92.5532
"ENSGACG00000013538","XIX",6252204,6296237,"ENSG00000064393","7",139561570,139777998,"HIPK2","ortholog_one2many",78.5476,"protein_coding","ENSGACG00000023993","Y",4952637,4994828,94.5701
"ENSGACG00000013643","XIX",5731410,5754779,"ENSG00000151746","12",32106835,32383633,"BICD1","ortholog_one2many",58.7692,"protein_coding","ENSGACG00000036800","Y",5509462,5540794,93.4874
"ENSGACG00000013655","XIX",5678469,5693705,"ENSG00000155561","7",135557917,135648757,"NUP205","ortholog_one2many",67.8926,"protein_coding","ENSGACG00000026369","Y",5447276,5461793,95.9722
"ENSGACG00000013670","XIX",5674545,5678234,"ENSG00000006530","7",141551278,141655244,"AGK","ortholog_one2many",59.0047,"protein_coding","ENSGACG00000026529","Y",5437696,5447025,96.1259
"ENSGACG00000013687","XIX",5660284,5667504,"ENSG00000214102","7",141708353,141731271,"WEE2","ortholog_one2one",43.5626,"protein_coding",NA,NA,NA,NA,NA
"ENSGACG00000013731","XIX",5578881,5583957,"ENSG00000139180","12",4649095,4694317,"NDUFA9","ortholog_one2many",64.191,"protein_coding","ENSGACG00000032090","Y",5362175,5367401,98.2005
"ENSGACG00000013816","XIX",4899911,4920982,"ENSG00000158715","1",205657851,205680509,"SLC45A3","ortholog_one2one",49.5479,"protein_coding",NA,NA,NA,NA,NA
"ENSGACG00000013856","XIX",4819741,4831061,"ENSG00000102996","16",58025754,58046901,"MMP15","ortholog_one2many",52.7653,"protein_coding","ENSGACG00000035759","Y",6544681,6552241,95.2733
"ENSGACG00000013883","XIX",4780732,4782619,"ENSG00000018610","X",119538149,119565409,"STEEP1","ortholog_one2one",90.5405,"protein_coding",NA,NA,NA,NA,NA
"ENSGACG00000013896","XIX",4756928,4766768,"ENSG00000159579","16",57186137,57240469,"RSPRY1","ortholog_one2many",77.9514,"protein_coding","ENSGACG00000031348","Y",6593369,6601304,91.9614
"ENSGACG00000013899","XIX",4750942,4755635,"ENSG00000102931","16",57245259,57253635,"ARL2BP","ortholog_one2one",60.7362,"protein_coding",NA,NA,NA,NA,NA
"ENSGACG00000013931","XIX",4675715,4680324,"ENSG00000042286","10",70098223,70132934,"AIFM2","ortholog_one2one",58.7131,"protein_coding",NA,NA,NA,NA,NA
"ENSGACG00000013939","XIX",4662577,4671722,"ENSG00000125124","16",56465640,56582667,"BBS2","ortholog_one2many",71.8447,"protein_coding","ENSGACG00000033790","Y",6650240,6653465,93.0233
"ENSGACG00000013963","XIX",4655867,4661370,"ENSG00000237172","16",67148104,67150998,"B3GNT9","ortholog_one2one",51.2438,"protein_coding",NA,NA,NA,NA,NA
"ENSGACG00000014025","XIX",4423170,4448007,"ENSG00000158545","16",88570403,88631964,"ZC3H18","ortholog_one2many",59.4963,"protein_coding","ENSGACG00000025188","Y",6945362,6972377,91.8638
"ENSGACG00000014081","XIX",4360999,4384254,"ENSG00000103047","16",68843531,69085182,"TANGO6","ortholog_one2many",41.5905,"protein_coding","ENSGACG00000026894","Y",7019730,7035803,92.3676
"ENSGACG00000014093","XIX",4312489,4327624,"ENSG00000149179","11",46936689,47164385,"CSTPP1","ortholog_one2many",49.2447,"protein_coding","ENSGACG00000023735","Y",7109691,7121163,97.619
"ENSGACG00000014112","XIX",4271290,4276306,"ENSG00000109851","11",20156155,20160475,"DBX1","ortholog_one2many",49.8542,"protein_coding","ENSGACG00000030249","Y",7186897,7191582,95.3488
"ENSGACG00000014846","XIX",7153192,7161573,"ENSG00000185551","15",96325938,96340263,"NR2F2","ortholog_one2many",84.5411,"protein_coding","ENSGACG00000013235","Y",15115687,15121243,93.1442
"ENSGACG00000016444","XIX",11491027,11534905,"ENSG00000171877","15",43870761,44195271,"FRMD5","ortholog_one2many",82.4561,"protein_coding","ENSGACG00000010873","Y",15683920,15754385,97.5482
"ENSGACG00000022920","XIX",4879909,4886626,"ENSG00000205250","16",67192155,67198918,"E2F4","ortholog_one2many",60.0484,"protein_coding","ENSGACG00000013827","Y",6462699,6469213,95.8869
"ENSGACG00000022952","XIX",16265410,16279691,"ENSG00000149084","11",43680680,43856617,"HSD17B12","ortholog_one2many",60.2564,"protein_coding","ENSGACG00000006929","Y",4375509,4388950,96.0606
"ENSGACG00000023064","XIX",17510013,17512651,"ENSG00000134825","11",61768501,61792802,"TMEM258","ortholog_one2one",82.2785,"protein_coding",NA,NA,NA,NA,NA
"ENSGACG00000023393","XIX",19002712,19006768,"ENSG00000185610","12",45014672,45051099,"DBX2","ortholog_one2one",29.4985,"protein_coding",NA,NA,NA,NA,NA
"ENSGACG00000023436","XIX",4406218,4416040,"ENSG00000141076","16",69131291,69231130,"UTP4","ortholog_one2many",53.4985,"protein_coding","ENSGACG00000014034","Y",6982877,6994071,94.0086
"ENSGACG00000023636","XIX",15313628,15316546,"ENSG00000110442","11",36269284,36289449,"COMMD9","ortholog_one2one",47.9798,"protein_coding",NA,NA,NA,NA,NA
"ENSGACG00000023731","XIX",4402744,4406996,"ENSG00000168802","16",69118010,69132588,"CHTF8","ortholog_one2one",57.8512,"protein_coding",NA,NA,NA,NA,NA
"ENSGACG00000023943","XIX",7861255,7881989,"ENSG00000065809","10",14518557,14774897,"FAM107B","ortholog_one2many",38.8889,"protein_coding","ENSGACG00000012758","Y",14254010,14308548,98.2659
"ENSGACG00000024157","XIX",718194,722768,"ENSG00000126903","X",154487306,154490690,"SLC10A3","ortholog_one2one",53.6688,"protein_coding",NA,NA,NA,NA,NA
"ENSGACG00000024236","XIX",6374556,6379197,"ENSG00000168000","11",62689289,62709845,"BSCL2","ortholog_one2many",42.4242,"protein_coding","ENSGACG00000036675","Y",5088039,5093934,92.7856
"ENSGACG00000024552","XIX",4863362,4878021,"ENSG00000102890","16",67199111,67204029,"ELMO3","ortholog_one2many",61.9444,"protein_coding","ENSGACG00000013830","Y",6472576,6494391,95.283
"ENSGACG00000024574","XIX",16311714,16317844,"ENSG00000166181","11",43311963,43344529,"API5","ortholog_one2many",79.0076,"protein_coding","ENSGACG00000006871","Y",15853239,15859352,95.6439
"ENSGACG00000024625","XIX",371651,374219,"ENSG00000102981","16",67660946,67662774,"PARD6A","ortholog_one2one",47.8261,"protein_coding",NA,NA,NA,NA,NA
"ENSGACG00000024665","XIX",16323736,16325300,"ENSG00000185055","7",105565120,105600875,"EFCAB10","ortholog_one2one",34.6457,"protein_coding",NA,NA,NA,NA,NA
"ENSGACG00000024689","XIX",15450781,15469005,"ENSG00000110497","11",46396414,46594125,"AMBRA1","ortholog_one2many",61.094,"protein_coding","ENSGACG00000007844","Y",4466879,4503974,90.923
"ENSGACG00000024763","XIX",12426378,12437666,"ENSG00000140403","15",78264086,78282196,"DNAJA4","ortholog_one2many",68.0101,"protein_coding","ENSGACG00000026164","Y",3982247,3982974,92.7273
"ENSGACG00000024874","XIX",4278843,4312409,"ENSG00000175216","11",46743048,46846308,"CKAP5","ortholog_one2many",71.1122,"protein_coding","ENSGACG00000014098","Y",7135513,7184627,97.7095
"ENSGACG00000025215","XIX",11363621,11401389,"ENSG00000006071","11",17392498,17476894,"ABCC8","ortholog_one2many",75.0158,"protein_coding","ENSGACG00000011021","Y",9671427,9714591,96.0967
"ENSGACG00000025566","XIX",15478635,15492711,"ENSG00000103494","16",53598153,53703938,"RPGRIP1L","ortholog_one2one",38.8593,"protein_coding",NA,NA,NA,NA,NA
"ENSGACG00000025627","XIX",6924497,6928304,"ENSG00000182175","15",93035271,93089211,"RGMA","ortholog_one2one",56.2222,"protein_coding",NA,NA,NA,NA,NA
"ENSGACG00000025679","XIX",8641193,8654192,"ENSG00000008735","22",50600793,50613981,"MAPK8IP2","ortholog_one2many",52.5485,"protein_coding","ENSGACG00000035989","Y",13332092,13356505,90.0383
"ENSGACG00000025711","XIX",6807814,6811810,"ENSG00000118600","12",63779833,63809792,"RXYLT1","ortholog_one2many",51.4673,"protein_coding","ENSGACG00000025052","Y",9586293,9591840,91.3953
"ENSGACG00000025844","XIX",9420169,9435321,"ENSG00000102189","12",92770637,92929331,"EEA1","ortholog_one2many",53.9334,"protein_coding","ENSGACG00000032904","Y",12335998,12343510,91.2961
"ENSGACG00000025855","XIX",5985859,6109151,"ENSG00000011105","12",3077355,3286564,"TSPAN9","ortholog_one2many",76.569,"protein_coding","ENSGACG00000013579","Y",4783893,4834091,92.6686
"ENSGACG00000025916","XIX",5610454,5637046,"ENSG00000099954","22",17359949,17558151,"CECR2","ortholog_one2one",31.9672,"protein_coding",NA,NA,NA,NA,NA
"ENSGACG00000025933","XIX",2932948,2939855,"ENSG00000159792","16",67893254,67929676,"PSKH1","ortholog_one2many",80.1887,"protein_coding","ENSGACG00000026496","Y",8624723,8630191,99.5227
"ENSGACG00000026058","XIX",13211931,13219284,"ENSG00000135363","11",33858576,33892076,"LMO2","ortholog_one2one",61.2335,"protein_coding",NA,NA,NA,NA,NA
"ENSGACG00000026136","XIX",12707367,12713590,"ENSG00000172209","7",107470018,107475684,"GPR22","ortholog_one2one",74.8268,"protein_coding",NA,NA,NA,NA,NA
"ENSGACG00000026153","XIX",19331849,19334301,"ENSG00000134817","11",57233577,57237250,"APLNR","ortholog_one2one",37.6316,"protein_coding",NA,NA,NA,NA,NA
"ENSGACG00000026161","XIX",5647435,5660507,"ENSG00000099968","22",17628855,17730855,"BCL2L13","ortholog_one2one",39.1753,"protein_coding",NA,NA,NA,NA,NA
"ENSGACG00000026455","XIX",19028470,19043267,"ENSG00000074590","12",106063345,106138954,"NUAK1","ortholog_one2one",60.5144,"protein_coding",NA,NA,NA,NA,NA
"ENSGACG00000026593","XIX",7901119,7917891,"ENSG00000198822","7",86643909,86864879,"GRM3","ortholog_one2many",76.9056,"protein_coding","ENSGACG00000012733","Y",14224637,14239809,98.9559
"ENSGACG00000026640","XIX",13595155,13603518,"ENSG00000198774","12",85800703,85836409,"RASSF9","ortholog_one2one",38.1609,"protein_coding",NA,NA,NA,NA,NA
"ENSGACG00000026786","XIX",11359521,11363256,"ENSG00000187486","11",17365172,17389331,"KCNJ11","ortholog_one2many",67.6923,"protein_coding","ENSGACG00000030829","Y",9715433,9715744,99.0291
"ENSGACG00000026905","XIX",2964909,3008144,"ENSG00000188038","16",67884885,67888855,"NRN1L","ortholog_one2many",39.3939,"protein_coding","ENSGACG00000025723","Y",8563134,8604626,95.1807
"ENSGACG00000027046","XIX",8923074,8938218,"ENSG00000102908","16",69565094,69704666,"NFAT5","ortholog_one2many",39.8321,"protein_coding","ENSGACG00000012216","Y",13041201,13055425,97.992
"ENSGACG00000027088","XIX",1428127,1430510,"ENSG00000183378","11",7689437,7706477,"OVCH2","ortholog_one2one",17.6991,"protein_coding",NA,NA,NA,NA,NA
"ENSGACG00000027191","XIX",15535014,15539589,"ENSG00000135698","16",82147798,82170224,"MPHOSPH6","ortholog_one2one",55,"protein_coding",NA,NA,NA,NA,NA
"ENSGACG00000027282","XIX",4745045,4751221,"ENSG00000102934","16",57248547,57284672,"PLLP","ortholog_one2many",48.3517,"protein_coding","ENSGACG00000033561","Y",6629602,6635842,95.1087
"ENSGACG00000027290","XIX",6498211,6501912,"ENSG00000120832","12",106973120,106987163,"MTERF2","ortholog_one2many",45.7143,"protein_coding","ENSGACG00000030384","Y",9143038,9144661,95.3297
"ENSGACG00000027377","XIX",12919200,12928590,"ENSG00000139144","12",18242961,18648416,"PIK3C2G","ortholog_one2one",24.5626,"protein_coding",NA,NA,NA,NA,NA
"ENSGACG00000027449","XIX",14632267,14642767,"ENSG00000106299","7",123681943,123749003,"WASL","ortholog_one2one",62.7723,"protein_coding",NA,NA,NA,NA,NA
"ENSGACG00000027505","XIX",18366472,18374306,"ENSG00000111262","12",4909905,4918256,"KCNA1","ortholog_one2many",84.2424,"protein_coding","ENSGACG00000027661","Y",723796,725638,96.5636
"ENSGACG00000027587","XIX",8341361,8348326,"ENSG00000106348","7",128392277,128409986,"IMPDH1","ortholog_one2many",81.4691,"protein_coding","ENSGACG00000012582","Y",13730110,13737105,98.8746
"ENSGACG00000027605","XIX",16736665,16746211,"ENSG00000140367","15",75843307,75901078,"UBE2Q2","ortholog_one2many",81.8667,"protein_coding","ENSGACG00000006341","Y",1235485,1243053,97.619
"ENSGACG00000027622","XIX",17102546,17105653,"ENSG00000183161","11",22622533,22625823,"FANCF","ortholog_one2one",26.4706,"protein_coding",NA,NA,NA,NA,NA
"ENSGACG00000027648","XIX",7762475,7773468,"ENSG00000100239","22",50343304,50445090,"PPP6R2","ortholog_one2many",52.7633,"protein_coding","ENSGACG00000012874","Y",14394031,14405703,97.8118
"ENSGACG00000027651","XIX",1011003,1014864,"ENSG00000181938","16",58295080,58406147,"GINS3","ortholog_one2one",48.1481,"protein_coding",NA,NA,NA,NA,NA
"ENSGACG00000027764","XIX",5667105,5672258,"ENSG00000257093","7",141656728,141702166,"DENND11","ortholog_one2many",68.5714,"protein_coding","ENSGACG00000013683","Y",5428214,5435786,97.4155
"ENSGACG00000027908","XIX",7355709,7404945,"ENSG00000068305","15",99565417,99716488,"MEF2A","ortholog_one2many",70.6931,"protein_coding","ENSGACG00000013182","Y",14839595,14893653,91.1153
"ENSGACG00000028196","XIX",7418138,7435389,"ENSG00000103852","15",99136323,99251223,"TTC23","ortholog_one2many",32.6622,"protein_coding","ENSGACG00000013177","Y",14777413,14790338,96.9419
"ENSGACG00000028249","XIX",19449518,19450629,"ENSG00000205693","12",27762427,27780236,"MANSC4","ortholog_one2one",22.9412,"protein_coding",NA,NA,NA,NA,NA
"ENSGACG00000028277","XIX",808529,809941,"ENSG00000065457","16",75596868,75623300,"ADAT1","ortholog_one2one",24.502,"protein_coding",NA,NA,NA,NA,NA
"ENSGACG00000028634","XIX",7448200,7504369,"ENSG00000140443","15",98648539,98964530,"IGF1R","ortholog_one2many",65.6913,"protein_coding","ENSGACG00000033253","Y",14634227,14703742,98.1677
"ENSGACG00000028733","XIX",3269759,3277486,"ENSG00000103066","16",68245304,68261058,"PLA2G15","ortholog_one2many",58.7379,"protein_coding","ENSGACG00000003248","Y",8078430,8091102,92.1986
"ENSGACG00000028769","XIX",5494106,5513175,"ENSG00000168418","16",84218657,84240012,"KCNG4","ortholog_one2many",57.2254,"protein_coding","ENSGACG00000013775","Y",5210042,5228379,99.6435
"ENSGACG00000028792","XIX",701100,718488,"ENSG00000187741","16",89726683,89816977,"FANCA","ortholog_one2one",30.7904,"protein_coding",NA,NA,NA,NA,NA
"ENSGACG00000028838","XIX",15206483,15209905,"ENSG00000166797","15",64072565,64094262,"CIAO2A","ortholog_one2one",72.5,"protein_coding",NA,NA,NA,NA,NA
"ENSGACG00000029002","XIX",723143,727281,"ENSG00000131165","16",89640816,89657738,"CHMP1A","ortholog_one2one",79.5918,"protein_coding",NA,NA,NA,NA,NA
"ENSGACG00000029025","XIX",8053203,8068813,"ENSG00000170381","7",83363238,83649139,"SEMA3E","ortholog_one2many",51.871,"protein_coding","ENSGACG00000012696","Y",14066865,14082820,93.0652
"ENSGACG00000029050","XIX",16963612,16966872,"ENSG00000137876","15",55180806,55197049,"RSL24D1","ortholog_one2one",79.7546,"protein_coding",NA,NA,NA,NA,NA
"ENSGACG00000029162","XIX",14305605,14308372,"ENSG00000177951","11",167784,207399,"BET1L","ortholog_one2one",56.7568,"protein_coding",NA,NA,NA,NA,NA
"ENSGACG00000029247","XIX",5129464,5363556,"ENSG00000140945","16",82626965,83800640,"CDH13","ortholog_one2many",55.1192,"protein_coding","ENSGACG00000013796","Y",5874643,6140756,91.468
"ENSGACG00000029300","XIX",14905658,14927291,"ENSG00000090863","16",74447427,74607144,"GLG1","ortholog_one2many",75.9118,"protein_coding","ENSGACG00000017337","Y",2186739,2209502,96.3287
"ENSGACG00000029326","XIX",9240348,9247557,"ENSG00000186591","7",129830732,129952960,"UBE2H","ortholog_one2many",95.082,"protein_coding","ENSGACG00000011896","Y",12538358,12548810,93.6842
"ENSGACG00000029612","XIX",17463717,17469692,"ENSG00000204950","11",61508749,61511018,"LRRC10B","ortholog_one2one",51.7123,"protein_coding",NA,NA,NA,NA,NA
"ENSGACG00000029839","XIX",8023100,8041858,"ENSG00000075213","7",83955777,84492724,"SEMA3A","ortholog_one2many",75.8755,"protein_coding","ENSGACG00000012703","Y",14093633,14112056,98.0025
"ENSGACG00000029841","XIX",15530482,15534821,"ENSG00000167208","16",50666300,50681353,"SNX20","ortholog_one2one",41.1392,"protein_coding",NA,NA,NA,NA,NA
"ENSGACG00000029865","XIX",16245432,16247960,"ENSG00000187479","11",43942637,43943878,"C11orf96","ortholog_one2one",45.9016,"protein_coding",NA,NA,NA,NA,NA
"ENSGACG00000029908","XIX",4386659,4404021,"ENSG00000103044","16",69105653,69118719,"HAS3","ortholog_one2many",77.0344,"protein_coding","ENSGACG00000014072","Y",7007641,7010802,98.7455
"ENSGACG00000029939","XIX",6580398,6585554,"ENSG00000073150","22",50170731,50180295,"PANX2","ortholog_one2many",64.8449,"protein_coding","ENSGACG00000030108","Y",9262275,9267426,99.1045
"ENSGACG00000029950","XIX",8228435,8234725,"ENSG00000128594","7",128027071,128032107,"LRRC4","ortholog_one2many",70.5972,"protein_coding","ENSGACG00000012638","Y",13880031,13897686,98.3459
"ENSGACG00000029988","XIX",9208321,9214494,"ENSG00000181072","7",136868652,137020255,"CHRM2","ortholog_one2many",57.7253,"protein_coding","ENSGACG00000011914","Y",12575548,12583424,97.3366
"ENSGACG00000030010","XIX",592170,594858,"ENSG00000258429","16",69326913,69330588,"PDF","ortholog_one2one",47.3251,"protein_coding",NA,NA,NA,NA,NA
"ENSGACG00000030046","XIX",9549727,9685450,"ENSG00000225614","16",88382959,88440757,"ZNF469","ortholog_one2many",19.1247,"protein_coding","ENSGACG00000036799","Y",12103706,12170173,96.3487
"ENSGACG00000030062","XIX",11143295,11152838,"ENSG00000205531","11",2944431,2992377,"NAP1L4","ortholog_one2one",65.6,"protein_coding",NA,NA,NA,NA,NA
"ENSGACG00000030063","XIX",9449744,9491588,"ENSG00000123104","12",26335352,26833194,"ITPR2","ortholog_one2many",76.5272,"protein_coding","ENSGACG00000011693","Y",12235830,12293078,97.4265
"ENSGACG00000030184","XIX",8496400,8591310,"ENSG00000251322","22",50674408,50733212,"SHANK3","ortholog_one2many",63.4487,"protein_coding","ENSGACG00000012458","Y",13416639,13544653,97.8133
"ENSGACG00000030410","XIX",18311298,18315913,"ENSG00000111716","12",21635342,21757857,"LDHB","ortholog_one2many",78.7425,"protein_coding","ENSGACG00000004329","Y",1850990,1860876,92.2006
"ENSGACG00000030493","XIX",15932406,15936674,"ENSG00000157734","15",64151715,64157481,"SNX22","ortholog_one2one",25.3886,"protein_coding",NA,NA,NA,NA,NA
"ENSGACG00000030774","XIX",1509629,1515011,"ENSG00000170946","11",31369840,31432835,"DNAJC24","ortholog_one2one",36.9128,"protein_coding",NA,NA,NA,NA,NA
"ENSGACG00000030803","XIX",3697457,3738612,"ENSG00000170743","11",7238778,7469043,"SYT9","ortholog_one2many",74.1344,"protein_coding","ENSGACG00000003358","Y",7525391,7556615,98.3114
"ENSGACG00000030904","XIX",14742585,14748335,"ENSG00000128610","7",122301303,122310691,"FEZF1","ortholog_one2one",57.2632,"protein_coding",NA,NA,NA,NA,NA
"ENSGACG00000030921","XIX",9382243,9391526,"ENSG00000179520","12",100357074,100422055,"SLC17A8","ortholog_one2many",78.9474,"protein_coding","ENSGACG00000011764","Y",12392653,12400964,98.9761
"ENSGACG00000031202","XIX",7322757,7350785,"ENSG00000140563","15",94231538,94483952,"MCTP2","ortholog_one2many",42.5968,"protein_coding","ENSGACG00000013219","Y",14899169,14926633,95.1542
"ENSGACG00000031332","XIX",11261136,11272213,"ENSG00000110786","11",18727928,18792721,"PTPN5","ortholog_one2many",50.9734,"protein_coding","ENSGACG00000011053","Y",9819710,9830741,99.1259
"ENSGACG00000031465","XIX",9132500,9189237,"ENSG00000187391","7",78017055,79453667,"MAGI2","ortholog_one2many",63.1615,"protein_coding","ENSGACG00000011944","Y",12600164,12674401,95.6366
"ENSGACG00000031723","XIX",7818975,7847791,"ENSG00000155115","6",110958706,110967890,"GTF3C6","ortholog_one2many",30.9859,"protein_coding","ENSGACG00000012805","Y",14321969,14351632,94.1964
"ENSGACG00000031750","XIX",15960882,15963564,"ENSG00000180304","15",64687573,64703281,"OAZ2","ortholog_one2one",42.8571,"protein_coding",NA,NA,NA,NA,NA
"ENSGACG00000031874","XIX",19951277,19953403,"ENSG00000129757","11",2883213,2885775,"CDKN1C","ortholog_one2one",21.9672,"protein_coding",NA,NA,NA,NA,NA
"ENSGACG00000032004","XIX",11441850,11448705,"ENSG00000165923","11",47659591,47715389,"AGBL2","ortholog_one2many",42.3503,"protein_coding","ENSGACG00000034226","Y",10276050,10277815,94.382
"ENSGACG00000032343","XIX",8468459,8474639,"ENSG00000171208","16",47077703,47143945,"NETO2","ortholog_one2many",63.4286,"protein_coding","ENSGACG00000012534","Y",13565874,13572397,98.018
"ENSGACG00000032399","XIX",17541471,17546745,"ENSG00000165917","11",47437764,47449143,"RAPSN","ortholog_one2many",76.699,"protein_coding","ENSGACG00000005265","Y",1309138,1323749,96.4539
"ENSGACG00000032400","XIX",1719905,1720360,"ENSG00000176678","16",86576368,86583478,"FOXL1","ortholog_one2one",31.3043,"protein_coding",NA,NA,NA,NA,NA
"ENSGACG00000032515","XIX",8478183,8483404,"ENSG00000004059","7",127588386,127591700,"ARF5","ortholog_one2many",84.4444,"protein_coding","ENSGACG00000012500","Y",13557276,13561407,100
"ENSGACG00000032539","XIX",4769459,4771906,"ENSG00000129055","3",134477706,134486716,"ANAPC13","ortholog_one2one",82.4324,"protein_coding",NA,NA,NA,NA,NA
"ENSGACG00000032616","XIX",9002760,9016612,"ENSG00000082805","12",990509,1495933,"ERC1","ortholog_one2many",75.8064,"protein_coding","ENSGACG00000034666","Y",12887858,12901856,96.3717
"ENSGACG00000032626","XIX",8947393,8951314,"ENSG00000103035","16",74296814,74306288,"PSMD7","ortholog_one2many",91.6667,"protein_coding","ENSGACG00000012125","Y",13020841,13173437,90.7303
"ENSGACG00000032705","XIX",16934119,16945420,"ENSG00000181827","15",56087280,56245082,"RFX7","ortholog_one2many",51.0274,"protein_coding","ENSGACG00000006090","Y",674766,690426,91.8294
"ENSGACG00000032833","XIX",398806,399117,"ENSG00000158406","6",26277609,26285638,"H4C8","ortholog_one2many",100,"protein_coding","ENSGACG00000025264","Y",193343,193946,97.7528
"ENSGACG00000032833","XIX",398806,399117,"ENSG00000197837","12",14767999,14771131,"H4C16","ortholog_one2many",100,"protein_coding","ENSGACG00000025264","Y",193343,193946,97.7528
"ENSGACG00000032833","XIX",398806,399117,"ENSG00000270276","1",149854045,149861159,"H4C15","ortholog_one2many",100,"protein_coding","ENSGACG00000025264","Y",193343,193946,97.7528
"ENSGACG00000032833","XIX",398806,399117,"ENSG00000270882","1",149832657,149839767,"H4C14","ortholog_one2many",100,"protein_coding","ENSGACG00000025264","Y",193343,193946,97.7528
"ENSGACG00000032833","XIX",398806,399117,"ENSG00000273542","6",27830918,27831560,"H4C12","ortholog_one2many",100,"protein_coding","ENSGACG00000025264","Y",193343,193946,97.7528
"ENSGACG00000032833","XIX",398806,399117,"ENSG00000274618","6",26240393,26240793,"H4C6","ortholog_one2many",100,"protein_coding","ENSGACG00000025264","Y",193343,193946,97.7528
"ENSGACG00000032833","XIX",398806,399117,"ENSG00000276180","6",27139282,27140640,"H4C9","ortholog_one2many",100,"protein_coding","ENSGACG00000025264","Y",193343,193946,97.7528
"ENSGACG00000032833","XIX",398806,399117,"ENSG00000277157","6",26188710,26189112,"H4C4","ortholog_one2many",100,"protein_coding","ENSGACG00000025264","Y",193343,193946,97.7528
"ENSGACG00000032833","XIX",398806,399117,"ENSG00000278705","6",26025802,26027283,"H4C2","ortholog_one2many",100,"protein_coding","ENSGACG00000025264","Y",193343,193946,97.7528
"ENSGACG00000033118","XIX",12527665,12535070,"ENSG00000120798","12",95020229,95073628,"NR2C1","ortholog_one2many",61.6915,"protein_coding","ENSGACG00000010174","Y",8977332,8990806,93.6688
"ENSGACG00000033238","XIX",7815326,7818902,"ENSG00000128595","7",128739292,128773400,"CALU","ortholog_one2many",78.4127,"protein_coding","ENSGACG00000012813","Y",14351850,14355714,97.205
"ENSGACG00000033301","XIX",17840697,17845089,"ENSG00000174444","15",66498015,66524532,"RPL4","ortholog_one2many",71.897,"protein_coding","ENSGACG00000004968","Y",1091560,1095501,91.0053
"ENSGACG00000033385","XIX",1018497,1052002,"ENSG00000186187","16",74999024,75110994,"ZNRF1","ortholog_one2one",57.7093,"protein_coding",NA,NA,NA,NA,NA
"ENSGACG00000033428","XIX",10930218,10936692,"ENSG00000151117","11",18693122,18704785,"TMEM86A","ortholog_one2many",72.0833,"protein_coding","ENSGACG00000031995","Y",10329081,10334894,99.5781
"ENSGACG00000033583","XIX",12504470,12509303,"ENSG00000197361","15",63597353,63602428,"FBXL22","ortholog_one2one",43.29,"protein_coding",NA,NA,NA,NA,NA
"ENSGACG00000033719","XIX",9294728,9297862,"ENSG00000151135","12",106955719,106978778,"TMEM263","ortholog_one2many",63.7931,"protein_coding","ENSGACG00000036968","Y",12503617,12508756,95.1724
"ENSGACG00000033967","XIX",8184604,8199537,"ENSG00000019991","7",81699010,81770438,"HGF","ortholog_one2many",47.5275,"protein_coding","ENSGACG00000034092","Y",13942545,13961716,97.1831
"ENSGACG00000034219","XIX",530459,533041,"ENSG00000166822","16",75443054,75465497,"TMEM170A","ortholog_one2one",59.0278,"protein_coding",NA,NA,NA,NA,NA
"ENSGACG00000034311","XIX",7772252,7780047,"ENSG00000069345","16",46955362,46973674,"DNAJA2","ortholog_one2many",83.9806,"protein_coding","ENSGACG00000012845","Y",14387008,14391677,99.2891
"ENSGACG00000034462","XIX",8448692,8455956,"ENSG00000249961","16",66754640,66801620,"TERB1","ortholog_one2one",33.2875,"protein_coding",NA,NA,NA,NA,NA
"ENSGACG00000034543","XIX",16325137,16326873,"ENSG00000204954","12",103940763,103965708,"UQCC6","ortholog_one2one",59.1549,"protein_coding",NA,NA,NA,NA,NA
"ENSGACG00000034863","XIX",19920951,19925801,"ENSG00000164603","7",112819147,112939875,"BMT2","ortholog_one2one",68.8889,"protein_coding",NA,NA,NA,NA,NA
"ENSGACG00000035011","XIX",15358199,15365185,"ENSG00000110492","11",46380756,46383837,"MDK","ortholog_one2one",41.958,"protein_coding",NA,NA,NA,NA,NA
"ENSGACG00000035159","XIX",11730314,11734299,"ENSG00000166821","15",89677764,89690783,"PEX11A","ortholog_one2one",46.1538,"protein_coding",NA,NA,NA,NA,NA
"ENSGACG00000035166","XIX",10931434,10942240,"ENSG00000179119","11",18606403,18634791,"SPTY2D1","ortholog_one2many",39.562,"protein_coding","ENSGACG00000035056","Y",10322276,10339188,93.4081
"ENSGACG00000035188","XIX",9735129,9743008,"ENSG00000103264","16",87326987,87392142,"FBXO31","ortholog_one2many",65.1206,"protein_coding","ENSGACG00000035414","Y",11933383,11940097,98.3696
"ENSGACG00000035223","XIX",16677964,16681874,"ENSG00000166441","11",8682788,8714759,"RPL27A","ortholog_one2many",84.4595,"protein_coding","ENSGACG00000027741","Y",4647432,4660538,91.8478
"ENSGACG00000035733","XIX",10102527,10176308,"ENSG00000148948","11",40114203,41459773,"LRRC4C","ortholog_one2many",79.375,"protein_coding","ENSGACG00000032654","Y",11431822,11481232,98.7616
"ENSGACG00000035762","XIX",16748441,16753044,"ENSG00000198794","15",74957219,75021495,"SCAMP5","ortholog_one2many",79.1489,"protein_coding","ENSGACG00000006326","Y",1252043,1259496,97.3913
"ENSGACG00000035857","XIX",16794604,16795948,"ENSG00000083807","19",58479512,58512413,"SLC27A5","ortholog_one2one",6.66667,"protein_coding",NA,NA,NA,NA,NA
"ENSGACG00000035859","XIX",14049985,14056706,"ENSG00000105974","7",116524994,116561179,"CAV1","ortholog_one2one",72.4719,"protein_coding",NA,NA,NA,NA,NA
"ENSGACG00000035886","XIX",3284317,3291037,"ENSG00000166188","16",57994676,58000672,"ZNF319","ortholog_one2many",67.1821,"protein_coding","ENSGACG00000031442","Y",8066363,8070604,98.0583
"ENSGACG00000035889","XIX",17020207,17029248,"ENSG00000166855","15",65148219,65185342,"CLPX","ortholog_one2many",82.4645,"protein_coding","ENSGACG00000005974","Y",4418814,4434880,93.0876
"ENSGACG00000036003","XIX",3411174,3427163,"ENSG00000186714","11",32602721,32794662,"CCDC73","ortholog_one2one",18.9064,"protein_coding",NA,NA,NA,NA,NA
"ENSGACG00000036224","XIX",9334179,9353029,"ENSG00000013503","12",106357748,106510198,"POLR3B","ortholog_one2many",92.8508,"protein_coding","ENSGACG00000011794","Y",12445985,12464209,95.5895
"ENSGACG00000036226","XIX",12225671,12265417,"ENSG00000171914","15",62390526,62844631,"TLN2","ortholog_one2many",85.0118,"protein_coding","ENSGACG00000025709","Y",3211839,3343059,96.4006
"ENSGACG00000036280","XIX",562585,568825,"ENSG00000103187","16",84565596,84618078,"COTL1","ortholog_one2one",60.5634,"protein_coding",NA,NA,NA,NA,NA
"ENSGACG00000036283","XIX",3823438,3829848,"ENSG00000189431","11",13009316,13012119,"RASSF10","ortholog_one2many",49.7041,"protein_coding","ENSGACG00000028062","Y",7472546,7474142,91.7098
"ENSGACG00000036325","XIX",6586437,6591939,"ENSG00000170638","22",50185913,50199598,"TRABD","ortholog_one2many",63.0319,"protein_coding","ENSGACG00000013447","Y",9268118,9274648,90.5128
"ENSGACG00000036882","XIX",16643939,16648510,"ENSG00000129084","11",14504211,14643635,"PSMA1","ortholog_one2many",92.3954,"protein_coding","ENSGACG00000006582","Y",5664806,5669666,91.8728
"ENSGACG00000036900","XIX",20026798,20034144,"ENSG00000206013","11",298200,299526,"IFITM5","ortholog_one2one",38.6364,"protein_coding",NA,NA,NA,NA,NA
"ENSGACG00000036917","XIX",5693846,5727898,"ENSG00000139132","12",32399558,32646050,"FGD4","ortholog_one2many",52.2702,"protein_coding","ENSGACG00000013648","Y",5463222,5479995,96.8672
"ENSGACG00000036950","XIX",6598253,6603351,"ENSG00000188130","22",50245450,50261716,"MAPK12","ortholog_one2many",69.2098,"protein_coding","ENSGACG00000013390","Y",9280241,9285061,98.895
"ENSGACG00000037024","XIX",6608396,6629269,"ENSG00000132613","16",70661204,70686053,"MTSS2","ortholog_one2many",68.407,"protein_coding","ENSGACG00000013388","Y",9288906,9310685,93.4591
"ENSGACG00000037210","XIX",1776661,1846042,"ENSG00000179588","16",88453280,88537031,"ZFPM1","ortholog_one2one",47.4155,"protein_coding",NA,NA,NA,NA,NA
"ENSGACG00000037283","XIX",18256206,18271884,"ENSG00000108021","10",5684731,5763779,"TASOR2","ortholog_one2one",16.9136,"protein_coding",NA,NA,NA,NA,NA
"ENSGACG00000037299","XIX",8699197,8702842,"ENSG00000185271","14",20425852,20436166,"KLHL33","ortholog_one2one",12.5471,"protein_coding",NA,NA,NA,NA,NA
"ENSGACG00000037352","XIX",2073983,2114285,"ENSG00000102924","16",49277917,49281838,"CBLN1","ortholog_one2one",87.5648,"protein_coding",NA,NA,NA,NA,NA
"ENSGACG00000037401","XIX",9056847,9060287,"ENSG00000135211","7",77793728,77798434,"TMEM60","ortholog_one2many",62.406,"protein_coding","ENSGACG00000028024","Y",12751204,12759870,97.7612
"ENSGACG00000037692","XIX",11914378,11925795,"ENSG00000140297","15",59594875,59640239,"GCNT3","ortholog_one2many",54.3379,"protein_coding","ENSGACG00000034413","Y",2760291,2761526,93.7695
"ENSGACG00000037753","XIX",3166206,3197041,"ENSG00000154118","16",87601835,87698156,"JPH3","ortholog_one2many",65.6417,"protein_coding","ENSGACG00000028935","Y",8179710,8220069,98.3871
"ENSGACG00000037794","XIX",12376996,12383347,"ENSG00000140368","15",76993359,77037475,"PSTPIP1","ortholog_one2many",53.125,"protein_coding","ENSGACG00000024251","Y",3566996,3580199,97.2906
"ENSGACG00000037799","XIX",8776239,8789237,"ENSG00000178573","16",79585843,79600737,"MAF","ortholog_one2many",68.4864,"protein_coding","ENSGACG00000026059","Y",13199147,13207267,99.6997
"ENSGACG00000037922","XIX",4786222,4808604,"ENSG00000102900","16",56730118,56850286,"NUP93","ortholog_one2many",82.7839,"protein_coding","ENSGACG00000013862","Y",6561109,6585357,96.8675
"ENSGACG00000037964","XIX",9049109,9055780,"ENSG00000186654","22",44668547,44737681,"PRR5","ortholog_one2many",60.567,"protein_coding","ENSGACG00000012066","Y",12764908,12771546,97.1302
"ENSGACG00000038031","XIX",9789135,9801753,"ENSG00000183208","15",90233808,90245811,"GDPGP1","ortholog_one2many",44.6753,"protein_coding","ENSGACG00000011544","Y",11838165,11839479,94.6309
